shelter_id,縣市及鄉鎮市區,村里,避難收容處所地址,經度,緯度,name,預計收容村里,預計收容人數,適用災害類別,管理人姓名,管理人電話,室內,室外,適合避難弱者安置,capacity,shelter_name,shelter_address,risk_level,river_buffer_m,river_distance_category,river_risk_level,longitude,latitude,geometry_wkt,geometry,mean_elevation,max_slope,terrain_risk,risk_level_old
46,花蓮縣秀林鄉,和平村,和平112號,121.748879,24.308073,和平國小,和中部落,250,"水災,土石流",蔡金郎,03-868113,是,否,否,250,和平國小,和平112號,高風險,1000.0,500-1000m,中風險,121.748879,24.308073,POINT (121.748879 24.308073),POINT (326011.1106515807 2689346.507721314),27.502351140126624,45.47325489245612,HIGH,Medium
1306,花蓮縣富里鄉,豐南村,豐南7鄰12-3號,121.2686,23.143,豐南社區活動中心,豐南村,50,"水災,震災,土石流,海嘯",黃瓊瑤,03-8831820,是,否,是,50,豐南社區活動中心,豐南7鄰12-3號,極高風險,500.0,<=500m,高風險,121.2686,23.143,POINT (121.2686 23.143),POINT (277505.7788830008 2560143.4173844056),299.4591485256446,41.046370980695286,HIGH,High
1332,花蓮縣富里鄉,富南村,富南村4鄰42-1號,121.2399,23.1612,玉寶宮,富南村,20,"水災,土石流",鄧仲量,03-8831822,是,否,是,20,玉寶宮,富南村4鄰42-1號,高風險,500.0,<=500m,高風險,121.2399,23.1612,POINT (121.2399 23.1612),POINT (274563.44670140836 2562153.6820209557),240.63090767245217,29.891892541055007,MEDIUM,High
1342,花蓮縣富里鄉,永豐村,永豐10鄰20-1號,121.2565,23.1714,永豐社區活動中心,永豐村,50,"水災,土石流",黃瓊瑤,03-8831821,是,否,是,50,永豐社區活動中心,永豐10鄰20-1號,極高風險,500.0,<=500m,高風險,121.25650000000002,23.171399999999995,POINT (121.2565 23.1714),POINT (276261.14500775794 2563286.085580361),257.4568151540308,32.28624886500252,HIGH,High
1350,花蓮縣富里鄉,富里村,中山路205號,121.247624,23.174527,富里老人文康中心,富里村,100,"水災,土石流",古智雄,03-8831048,是,否,是,100,富里老人文康中心,中山路205號,極高風險,500.0,<=500m,高風險,121.24762400000002,23.174527,POINT (121.247624 23.174527),POINT (275351.8038631432 2563630.784185125),238.32434659181177,30.526334277140307,HIGH,High
1353,花蓮縣卓溪鄉,古風村,23鄰16-1號,121.2359,23.1784,石平社區活動中心,古風村石平社區,50,"水災,土石流",林章成,03-8881852,是,否,是,50,石平社區活動中心,23鄰16-1號,極高風險,500.0,<=500m,高風險,121.23590000000002,23.178400000000003,POINT (121.2359 23.1784),POINT (274150.79817006085 2564057.671782349),265.35810859851796,49.29889358593531,HIGH,High
1355,花蓮縣富里鄉,富里村,中山路376號,121.2503,23.1795,富里鄉公所2樓,富里村,100,"水災,土石流",陳伯昇,03-8831111,是,否,是,100,富里鄉公所2樓,中山路376號,高風險,1000.0,500-1000m,中風險,121.2503,23.1795,POINT (121.2503 23.1795),POINT (275624.8277478156 2564181.943547989),246.17891436468935,32.616479363973724,HIGH,Medium
1379,花蓮縣富里鄉,石牌村,8鄰富北34-2號,121.2643,23.1928,石牌社區活動中心,石牌村,30,"水災,土石流",王貞予,03-8831323,是,否,是,30,石牌社區活動中心,8鄰富北34-2號,高風險,500.0,<=500m,高風險,121.26430000000002,23.1928,POINT (121.2643 23.1928),POINT (277055.4301601831 2565657.270666278),217.7405811119274,27.666911420642784,MEDIUM,High
1386,花蓮縣富里鄉,明里村,3鄰明里37號,121.2522,23.1998,明里社區活動中心,明里村,50,"水災,土石流",徐祥寶,03-8846057,是,否,是,50,明里社區活動中心,3鄰明里37號,高風險,1000.0,500-1000m,中風險,121.25220000000002,23.199800000000003,POINT (121.2522 23.1998),POINT (275815.4475165397 2566430.2269691364),222.76228475692258,45.127977759573895,HIGH,Medium
1389,花蓮縣富里鄉,羅山村,9鄰東湖39號,121.2776,23.2021,羅山縱管處,羅山村,50,"水災,土石流",徐祥寶,03-8821330,是,否,是,50,羅山縱管處,9鄰東湖39號,極高風險,500.0,<=500m,高風險,121.27760000000002,23.2021,POINT (121.2776 23.2021),POINT (278414.94458397356 2566689.6567299357),222.57304280443415,30.42821718896114,HIGH,High
1422,花蓮縣卓溪鄉,古風村,崙天18號,121.2645,23.2192,古風國小,古風村崙天,100,"水災,土石流",黃印龍,03-8846058,是,否,是,100,古風國小,崙天18號,極高風險,500.0,<=500m,高風險,121.2645,23.2192,POINT (121.2645 23.2192),POINT (277070.5856394184 2568580.755240187),211.24118607565913,43.36571143105399,HIGH,High
1426,花蓮縣卓溪鄉,古風村,1鄰20號,121.2649,23.2202,崙天社區活動中心,古風村崙天社區,50,"水災,土石流",林章成,03-8881852,是,否,是,50,崙天社區活動中心,1鄰20號,極高風險,500.0,<=500m,高風險,121.2649,23.2202,POINT (121.2649 23.2202),POINT (277111.3224925851 2568691.566643595),211.36301327527053,46.451935104090396,HIGH,High
1434,花蓮縣富里鄉,竹田村,1鄰東竹10號,121.2899,23.2261,新興竹田聯合社區活動中心,新興村,80,"水災,土石流",陳韋睿,03-8821423,是,否,是,80,新興竹田聯合社區活動中心,1鄰東竹10號,低風險,1000.0,500-1000m,中風險,121.2899,23.2261,POINT (121.2899 23.2261),POINT (279668.670933396 2569349.7993646013),238.52522567369684,26.09620052101351,MEDIUM,Medium
1474,花蓮縣富里鄉,萬寧村,7鄰鎮寧100號,121.2982,23.251,萬寧社區活動中心,萬寧村,50,"水災,土石流",彭家玲,03-8861120,是,否,是,50,萬寧社區活動中心,7鄰鎮寧100號,低風險,1000.0,500-1000m,中風險,121.2982,23.251,POINT (121.2982 23.251),POINT (280512.4445744172 2572108.8778766426),185.01412708389245,20.54016931620586,MEDIUM,Medium
1487,花蓮縣富里鄉,東里村,1鄰福安路6-1號,121.3052,23.2673,東里社區活動中心,東里村,50,"水災,土石流",廖維正,03-8861165,是,否,是,50,東里社區活動中心,1鄰福安路6-1號,低風險,1000.0,500-1000m,中風險,121.3052,23.26729999999999,POINT (121.3052 23.2673),POINT (281224.9069130923 2573915.3906256035),163.92257891858148,20.56149949821276,MEDIUM,Medium
1495,花蓮縣玉里鎮,長良里,長良143-1號,121.2878,23.2768,長良社區活動中心,長良里,20,"水災,土石流",吳光玉,03-8801450,是,否,否,20,長良社區活動中心,長良143-1號,極高風險,500.0,<=500m,高風險,121.28780000000002,23.2768,POINT (121.2878 23.2768),POINT (279442.62038884003 2574963.759871287),168.9406016503956,41.998334280402936,HIGH,High
1500,花蓮縣卓溪鄉,卓清村,1鄰13號,121.2725,23.2775,清水社區活動中心,卓清村清水,50,"水災,土石流",劉筠捷,03-8885593,是,否,是,50,清水社區活動中心,1鄰13號,極高風險,500.0,<=500m,高風險,121.2725,23.2775,POINT (121.2725 23.2775),POINT (277877.2401245794 2575038.2518591564),253.13394585648868,53.45540706133408,HIGH,High
1501,花蓮縣富里鄉,吳江村,6鄰吳江65-3號,121.3227,23.2787,吳江社區活動中心,吳江村,70,"水災,土石流",彭家玲,03-8861180,是,否,是,70,吳江社區活動中心,6鄰吳江65-3號,極高風險,500.0,<=500m,高風險,121.3227,23.2787,POINT (121.3227 23.2787),POINT (283012.52931200824 2575181.6790751675),168.5402246747698,44.658267151511616,HIGH,High
1528,花蓮縣卓溪鄉,卓清村,12鄰18號,121.2703,23.2956,卓樂社區活動中心,卓清村卓樂社區,50,"水災,土石流",劉筠捷,03-8885593,是,否,是,50,卓樂社區活動中心,12鄰18號,極高風險,500.0,<=500m,高風險,121.2703,23.2956,POINT (121.2703 23.2956),POINT (277648.436821285 2577042.184939088),231.14816121304972,57.18361601931424,HIGH,High
1555,花蓮縣玉里鎮,樂合里,樂合65-5號,121.345,23.3183,樂合社區活動中心,樂合里,35,"水災,土石流",陳阿洲,03-8887126,是,否,否,35,樂合社區活動中心,樂合65-5號,極高風險,500.0,<=500m,高風險,121.345,23.3183,POINT (121.345 23.3183),POINT (285283.41587961034 2579572.1777487462),188.47014778764228,62.64292578643345,HIGH,High
1559,花蓮縣玉里鎮,源城里,水源57-1號,121.3004,23.3219,源城社區活動中心,源城里,35,"水災,土石流",徐永成,03-8889333,是,否,否,35,源城社區活動中心,水源57-1號,極高風險,500.0,<=500m,高風險,121.3004,23.3219,POINT (121.3004 23.3219),POINT (280721.2810329964 2579960.6670460785),175.61787498149883,42.56365781819225,HIGH,High
1564,花蓮縣玉里鎮,中城里,信義路5號,121.3139,23.3275,玉里慈惠堂,中城里,40,"水災,土石流",何正雄,03-8882921,是,否,否,40,玉里慈惠堂,信義路5號,低風險,1000.0,500-1000m,中風險,121.31390000000002,23.327500000000004,POINT (121.3139 23.3275),POINT (282100.5619874256 2580583.7336130957),134.1840439192924,7.027658870546973,LOW,Medium
1576,花蓮縣玉里鎮,泰昌里,中正路144號,121.3153,23.3352,中正堂,國武里、泰昌里、啟模里、永昌,100,"水災,土石流",邱國峰,03-8883166206,是,否,否,100,中正堂,中正路144號,低風險,2000.0,1000-2000m,低風險,121.3153,23.3352,POINT (121.3153 23.3352),POINT (282241.8736839009 2581436.7332820185),131.78364103123704,8.887100060263958,LOW,Low
1589,花蓮縣玉里鎮,東豐里,東豐石岡32之1號,121.3399,23.3389,東豐社區活動中心,東豐里,25,"水災,土石流",黎煥發,03-8883720,是,否,否,25,東豐社區活動中心,東豐石岡32之1號,極高風險,500.0,<=500m,高風險,121.3399,23.338899999999995,POINT (121.3399 23.3389),POINT (284756.4714791715 2581852.165043331),138.44852984566174,31.459419330776214,HIGH,High
1601,花蓮縣卓溪鄉,卓溪村,7鄰73號,121.3038,23.3457,卓溪多功能活動中心,卓溪村,50,"水災,土石流",施慧玉,03-8980525,是,否,否,50,卓溪多功能活動中心,7鄰73號,極高風險,500.0,<=500m,高風險,121.3038,23.345700000000004,POINT (121.3038 23.3457),POINT (281063.45893636235 2582596.973967707),190.65612060796124,46.31100498556197,HIGH,High
1645,花蓮縣玉里鎮,大禹里,大禹226號,121.3289,23.3805,大禹社區活動中心,大禹里,40,"水災,土石流",張添富,03-8886293,是,否,否,40,大禹社區活動中心,大禹226號,高風險,2000.0,1000-2000m,低風險,121.32890000000002,23.380500000000005,POINT (121.3289 23.3805),POINT (283621.17245813616 2586456.317085581),103.74068338490457,34.263562719136765,HIGH,Low
1662,花蓮縣玉里鎮,觀音里,觀音9-1號,121.3573,23.3951,觀音社區活動中心,觀音里,0,"水災,土石流",李貴福,8851223,是,否,是,0,觀音社區活動中心,觀音9-1號,極高風險,500.0,<=500m,高風險,121.3573,23.3951,POINT (121.3573 23.3951),POINT (286520.3306665426 2588080.0182325863),109.42267363089829,52.92786091245923,HIGH,High
1672,花蓮縣卓溪鄉,太平村,1鄰2號,121.3205,23.406,太平國小,太平村,100,"水災,土石流",林進明,03-8888713,是,否,是,100,太平國小,1鄰2號,極高風險,500.0,<=500m,高風險,121.3205,23.405999999999995,POINT (121.3205 23.406),POINT (282756.22055982274 2589278.2473384743),170.18213559849667,49.492662515864026,HIGH,High
1673,花蓮縣卓溪鄉,太平村,6鄰79-1號,121.3166,23.4071,太平社區活動中心,太平村,50,"水災,土石流",潘佳屏,03-8841364,是,否,是,50,太平社區活動中心,6鄰79-1號,極高風險,500.0,<=500m,高風險,121.3166,23.4071,POINT (121.3166 23.4071),POINT (282357.35671440605 2589399.180800844),129.67033176704473,50.2527614799989,HIGH,High
1706,花蓮縣玉里鎮,松浦里,松浦214-3號,121.3737,23.4293,松浦社區活動中心,松浦里,0,"水災,土石流",林誠觀,03-8851650,是,否,否,0,松浦社區活動中心,松浦214-3號,極高風險,500.0,<=500m,高風險,121.3737,23.429299999999994,POINT (121.3737 23.4293),POINT (288186.80739415955 2591871.584541348),96.41305025349914,44.36047715932647,HIGH,High
1711,花蓮縣玉里鎮,三民里,三民131-2號,121.3498,23.4321,三民社區活動中心,三民里,25,"水災,土石流",彭新發,03-8841164,是,否,否,25,三民社區活動中心,三民131-2號,極高風險,500.0,<=500m,高風險,121.3498,23.4321,POINT (121.3498 23.4321),POINT (285743.7940738788 2592175.5264642076),97.0742092015792,44.00849215465779,HIGH,High
1718,花蓮縣卓溪鄉,古風村,12鄰4號,121.332,23.4363,古楓社區活動中心,古風村卓楓、白端社區,50,"水災,土石流",林章成,03-8881852,是,否,是,50,古楓社區活動中心,12鄰4號,極高風險,500.0,<=500m,高風險,121.332,23.436300000000003,POINT (121.332 23.4363),POINT (283923.84125755256 2592636.3322755173),208.2503106220191,47.453662665302076,HIGH,High
1719,花蓮縣卓溪鄉,立山村,6鄰58號,121.332,23.4363,立山社區活動中心,立山村,50,"水災,土石流",高雅芯,03-8841572,是,否,是,50,立山社區活動中心,6鄰58號,極高風險,500.0,<=500m,高風險,121.332,23.436300000000003,POINT (121.332 23.4363),POINT (283923.84125755256 2592636.3322755173),208.2503106220191,47.453662665302076,HIGH,High
1726,花蓮縣卓溪鄉,崙山村,1鄰12號,121.3443,23.4391,崙山國小,崙山村、立山村,100,"水災,土石流",莊凱杰,03-8841350,是,否,是,100,崙山國小,1鄰12號,高風險,2000.0,1000-2000m,低風險,121.34430000000002,23.4391,POINT (121.3443 23.4391),POINT (285179.92736311053 2592949.3558232905),162.84708940745008,45.811632154146885,HIGH,Low
1727,花蓮縣卓溪鄉,崙山村,1鄰11-1號,121.3438,23.4393,崙山社區活動中心,崙山村,50,土石流,施鎮村,03-8841362,是,否,是,50,崙山社區活動中心,1鄰11-1號,高風險,2000.0,1000-2000m,低風險,121.3438,23.4393,POINT (121.3438 23.4393),POINT (285128.78501541924 2592971.381889701),168.50003550051431,45.811632154146885,HIGH,Low
1757,花蓮縣玉里鎮,春日里,75-1號,121.3967,23.455,春日社區活動中心,春日里,35,"水災,土石流",陳青廉,03-8875453,是,否,否,35,春日社區活動中心,75-1號,高風險,500.0,<=500m,高風險,121.3967,23.454999999999995,POINT (121.3967 23.455),POINT (290529.2649886572 2594723.9107624018),93.23346433055644,15.3510545050099,LOW,High
1771,花蓮縣瑞穗鄉,舞鶴村,14鄰中正南路二段278號,121.3536,23.4602,舞鶴社區活動中心,舞鶴村,100,"水災,土石流",楊明林,03-8871755,是,否,是,100,舞鶴社區活動中心,14鄰中正南路二段278號,高風險,2000.0,1000-2000m,低風險,121.3536,23.460199999999997,POINT (121.3536 23.4602),POINT (286124.45349223685 2595288.287066748),229.88353063622299,49.79938822324684,HIGH,Low
1778,花蓮縣豐濱鄉,靜浦村,64號,121.4954,23.4615,靜浦國小大禮堂,靜浦村,0,"水災,震災",李楊元,03-8781021,是,否,是,0,靜浦國小大禮堂,64號,極高風險,500.0,<=500m,高風險,121.4954,23.4615,POINT (121.4954 23.4615),POINT (300610.73035354726 2595474.982753567),18.59616715898101,54.61034448268436,HIGH,High
1796,花蓮縣玉里鎮,德武里,5鄰能雅79號,121.4074,23.4669,德武里原住民多功能活動中心,德武里,50,"水災,土石流",余榮富,03-8873161,是,否,否,50,德武里原住民多功能活動中心,5鄰能雅79號,極高風險,500.0,<=500m,高風險,121.4074,23.4669,POINT (121.4074 23.4669),POINT (291618.7234218451 2596044.786180678),147.05061723358776,43.671416755432936,HIGH,High
1829,花蓮縣豐濱鄉,港口村,7鄰118號,121.5043,23.4745,港口活動中心,港口村,0,"水災,震災,土石流",蕭清秀,03-8791450,是,否,是,0,港口活動中心,7鄰118號,高風險,1000.0,500-1000m,中風險,121.5043,23.4745,POINT (121.5043 23.4745),POINT (301514.93598810397 2596917.7931437977),35.58046254299331,49.47690815413508,HIGH,Medium
1868,花蓮縣瑞穗鄉,瑞美村,仁愛路109號,121.3904,23.4909,瑞穗青蓮寺,全鄉,100,"水災,土石流",張雲艽,03-8875438,是,否,是,100,瑞穗青蓮寺,仁愛路109號,高風險,500.0,<=500m,高風險,121.3904,23.4909,POINT (121.3904 23.4909),POINT (289874.8219614759 2598697.765977131),82.034118325703,19.345412789741587,LOW,High
1870,花蓮縣瑞穗鄉,鶴岡村,167 號,121.39,23.4913,花蓮縣鶴岡國民小學,鶴岡村,100,"水災,震災",蔡伍原,03-8872740,否,否,否,100,花蓮縣鶴岡國民小學,167 號,高風險,500.0,<=500m,高風險,121.39,23.4913,POINT (121.39 23.4913),POINT (289833.8459885673 2598741.951715035),82.40750008797158,10.432133254273152,LOW,High
1874,花蓮縣瑞穗鄉,瑞良村,4鄰信義路3號,121.394,23.4924,瑞良社區活動中心,瑞良村,30,"水災,土石流",黃義雄,03-8872559,是,否,是,30,瑞良社區活動中心,4鄰信義路3號,高風險,500.0,<=500m,高風險,121.394,23.4924,POINT (121.394 23.4924),POINT (290242.06873720355 2598864.881764207),77.27213046650395,28.979772494709103,MEDIUM,High
1878,花蓮縣瑞穗鄉,瑞美村,中山路二段389號,121.3916,23.4931,花蓮縣瑞穗鄉瑞美國民小學,瑞美村、瑞良村,50,"水災,土石流",簡三其,03-8872014,是,否,是,50,花蓮縣瑞穗鄉瑞美國民小學,中山路二段389號,高風險,500.0,<=500m,高風險,121.3916,23.493099999999995,POINT (121.3916 23.4931),POINT (289996.72554691945 2598941.7310024835),79.21338776958233,10.668399296834545,LOW,High
1880,花蓮縣瑞穗鄉,瑞美村,13鄰中山路二段387號,121.3912,23.4937,瑞美社區活動中心,瑞美村,30,"水災,土石流",蘇院林,03-8871611,是,否,是,30,瑞美社區活動中心,13鄰中山路二段387號,高風險,500.0,<=500m,高風險,121.3912,23.4937,POINT (121.3912 23.4937),POINT (289955.6895821312 2599008.064740684),78.97472960413718,10.075522722360185,LOW,High
1883,花蓮縣瑞穗鄉,奇美村,2鄰40號,121.4467,23.4942,奇美社區活動中心,奇美村,20,"水災,土石流",蔣國雄,03-8991001,是,否,是,20,奇美社區活動中心,2鄰40號,極高風險,500.0,<=500m,高風險,121.4467,23.4942,POINT (121.4467 23.4942),POINT (295624.15173176024 2599079.9598654327),63.718882655124276,66.62851217230804,HIGH,High
1891,花蓮縣萬榮鄉,紅葉村,1鄰9號,121.3446,23.4954,紅葉社區活動中心,紅葉村,50,"水災,土石流,海嘯",胡春花,03-8871426,是,否,是,50,紅葉社區活動中心,1鄰9號,高風險,1000.0,500-1000m,中風險,121.3446,23.4954,POINT (121.3446 23.4954),POINT (285195.64820501406 2599184.1413993775),206.00612958239876,45.97314236822863,HIGH,Medium
1894,花蓮縣瑞穗鄉,瑞穗村,成功北路18號,121.3759,23.4982,花蓮縣立瑞穗國民中學,全鄉,200,"水災,土石流",賴慶翰,03-8873111,是,否,是,200,花蓮縣立瑞穗國民中學,成功北路18號,低風險,2000.0,1000-2000m,低風險,121.3759,23.4982,POINT (121.3759 23.4982),POINT (288391.68619722535 2599502.2314226856),100.47675701449182,8.308131317987128,LOW,Low
1901,花蓮縣瑞穗鄉,瑞祥村,4鄰祥北路二段127號,121.3588,23.4998,瑞祥社區活動中心,瑞祥村,30,"水災,土石流",黃崧庭,03-8876570,是,否,是,30,瑞祥社區活動中心,4鄰祥北路二段127號,極高風險,500.0,<=500m,高風險,121.3588,23.499800000000004,POINT (121.3588 23.4998),POINT (286644.7583462449 2599674.953009621),147.1249031237992,44.24522343699684,HIGH,High
1902,花蓮縣瑞穗鄉,瑞穗村,14鄰民生街41號,121.3787,23.4998,瑞穗社區活動中心,瑞穗村,30,"水災,土石流",吳萬德,03-8872964,是,否,是,30,瑞穗社區活動中心,14鄰民生街41號,低風險,1000.0,500-1000m,中風險,121.3787,23.4998,POINT (121.3787 23.4998),POINT (288677.1936650799 2599680.168899517),94.07487247233487,8.308131317987128,LOW,Medium
1913,花蓮縣壽豐鄉,豐裡村,中山路257號,121.3021,23.5034,豐裡活動中心,豐裡村,42,"水災,震災,土石流,海嘯",曾振倫,03-8652802,是,否,是,42,豐裡活動中心,中山路257號,高風險,2000.0,1000-2000m,低風險,121.3021,23.5034,POINT (121.3021 23.5034),POINT (280853.0275079267 2600060.303111022),843.46134972926,52.543456798446265,HIGH,Low
1923,花蓮縣瑞穗鄉,鶴岡村,14鄰85之6號,121.3911,23.5097,鶴岡社區活動中心,鶴岡村,30,"水災,土石流",余新德,03-8873392,是,否,是,30,鶴岡社區活動中心,14鄰85之6號,極高風險,500.0,<=500m,高風險,121.3911,23.50969999999999,POINT (121.3911 23.5097),POINT (289940.6526784037 2600779.9053693777),91.02101234051821,33.57219102627764,HIGH,High
1957,花蓮縣瑞穗鄉,瑞北村,4鄰祥北路一段54之1號,121.3765,23.5267,瑞北社區活動中心,瑞北村,30,"水災,土石流",李孔忠,03-8871754,是,否,是,30,瑞北社區活動中心,4鄰祥北路一段54之1號,高風險,500.0,<=500m,高風險,121.37649999999998,23.5267,POINT (121.3765 23.5267),POINT (288444.69231018005 2602658.533124876),99.4256450258184,15.095571608069704,LOW,High
2047,花蓮縣豐濱鄉,豐濱村,16鄰豐里49之1號,121.4859,23.5681,八里灣基督長老教會,豐濱村八里灣部落,0,"水災,震災",吳德助,03-8791653,是,否,是,0,八里灣基督長老教會,16鄰豐里49之1號,極高風險,500.0,<=500m,高風險,121.4859,23.5681,POINT (121.4859 23.5681),POINT (299600.23612930306 2607276.8694605515),108.42755735242689,54.41400100632206,HIGH,High
2060,花蓮縣瑞穗鄉,富民村,2鄰中正路一段208之1號,121.3745,23.5743,富民社區活動中心,富民村,30,"水災,土石流",劉賢明,03-8811149,是,否,是,30,富民社區活動中心,2鄰中正路一段208之1號,低風險,1000.0,500-1000m,中風險,121.37449999999998,23.5743,POINT (121.3745 23.5743),POINT (288226.70197353885 2607929.333306862),164.60971021991782,15.38084806851649,LOW,Medium
2069,花蓮縣萬榮鄉,馬遠村,1鄰5號,121.362553,23.576867,馬遠社區活動中心,馬遠村,120,"水災,土石流,海嘯",溫秀瑛,03-8811184,是,否,是,120,馬遠社區活動中心,1鄰5號,極高風險,500.0,<=500m,高風險,121.362553,23.576867,POINT (121.362553 23.576867),POINT (287006.4934510464 2608210.4724362073),190.11087047786674,39.04113133000904,HIGH,High
2070,花蓮縣萬榮鄉,馬遠村,2鄰馬遠39號,121.361934,23.576872,馬遠國民小學,馬遠村,200,"水災,土石流,海嘯",溫秀瑛,03-8811184,是,否,是,200,馬遠國民小學,2鄰馬遠39號,極高風險,500.0,<=500m,高風險,121.361934,23.576872,POINT (121.361934 23.576872),POINT (286943.3089359377 2608210.8663692637),197.8869235390111,39.04113133000904,HIGH,High
2076,花蓮縣瑞穗鄉,富源村,10鄰學士路31號,121.3759,23.5776,富源社區活動中心,富源村,30,"水災,土石流",周玉梅,03-8811434,是,否,是,30,富源社區活動中心,10鄰學士路31號,低風險,2000.0,1000-2000m,低風險,121.3759,23.577600000000004,POINT (121.3759 23.5776),POINT (288368.6479610081 2608295.158466389),168.8645663981535,5.973230131596346,LOW,Low
2077,花蓮縣瑞穗鄉,富源村,9鄰中正路157號,121.3764,23.5778,富源消防分隊,富源村、富民村、富興村,75,"水災,土石流",方小明,03-8811885,是,否,是,75,富源消防分隊,9鄰中正路157號,低風險,2000.0,1000-2000m,低風險,121.3764,23.5778,POINT (121.3764 23.5778),POINT (288419.6259740318 2608317.4410320013),168.3039387683479,5.973230131596346,LOW,Low
2085,花蓮縣瑞穗鄉,富興村,13鄰東興路134號,121.3877,23.5817,富興社區活動中心,富興村,30,"水災,土石流",莊明州,03-8811414,是,否,是,30,富興社區活動中心,13鄰東興路134號,低風險,2000.0,1000-2000m,低風險,121.3877,23.5817,POINT (121.3877 23.5817),POINT (289571.8741134975 2608752.4145605946),173.2320801976496,6.912699360542163,LOW,Low
2117,花蓮縣光復鄉,大全村,建國路一段1號,121.4125,23.598,光復自強外役監獄,大全村,300,"水災,震災,土石流",陳萬來,03-8703914#310,是,是,是,300,光復自強外役監獄,建國路一段1號,高風險,1000.0,500-1000m,中風險,121.4125,23.598,POINT (121.4125 23.598),POINT (292097.99575205916 2610564.600773508),230.5917838715875,47.90847089810853,HIGH,Medium
2122,花蓮縣光復鄉,大富村,建國路一段 26之2號,121.4162,23.5992,花東山琉璃禪寺,大富村,50,"水災,震災,土石流",簡進發,03-8731340,是,否,是,50,花東山琉璃禪寺,建國路一段 26之2號,極高風險,500.0,<=500m,高風險,121.41620000000002,23.599199999999996,POINT (121.4162 23.5992),POINT (292475.2200847362 2610698.5860364926),251.58691847664969,38.629594345158715,HIGH,High
2130,花蓮縣豐濱鄉,豐濱村,光豐路26號,121.5218,23.6012,豐濱國中禮堂,豐濱村,0,"水災,震災,土石流",劉文彥,03-8791159,是,否,是,0,豐濱國中禮堂,光豐路26號,極高風險,500.0,<=500m,高風險,121.52179999999998,23.601199999999995,POINT (121.5218 23.6012),POINT (303251.58573922317 2610955.392640315),36.28316486630286,57.256419172757795,HIGH,High
2143,花蓮縣光復鄉,大富村,明德路29巷12號,121.3909,23.6073,大富國小,大富村.大豐村,80,"水災,震災,土石流",郭瑛忠,03-8701049,是,是,是,80,大富國小,明德路29巷12號,低風險,1000.0,500-1000m,中風險,121.3909,23.6073,POINT (121.3909 23.6073),POINT (289890.75414080755 2611588.32548974),181.8063245500837,11.294125728455395,LOW,Medium
2177,花蓮縣光復鄉,大興村,民權街17號,121.3982,23.6323,大興國小,大興村,300,"水災,震災,土石流",陳吉文,03-8702987,是,是,是,300,大興國小,民權街17號,高風險,500.0,<=500m,高風險,121.39820000000002,23.6323,POINT (121.3982 23.6323),POINT (290628.0067361875 2614358.967766744),151.0000970000753,8.841956744641154,LOW,High
2180,花蓮縣光復鄉,大興村,民權街37號,121.3942,23.6338,大興活動中心,大興村,100,"水災,震災,土石流",劉建榮,03-8702216,是,否,是,100,大興活動中心,民權街37號,極高風險,500.0,<=500m,高風險,121.3942,23.633799999999997,POINT (121.3942 23.6338),POINT (290219.42755535623 2614523.951943619),162.0300458012795,33.84364848903115,HIGH,High
2182,花蓮縣豐濱鄉,新社村,9鄰東興18-1號,121.5308,23.6351,東興部落原住民多功能活動中心,新社村及磯崎村,0,海嘯,石蓮花,03-8711158,是,否,是,0,東興部落原住民多功能活動中心,9鄰東興18-1號,高風險,,>2000m,安全,121.5308,23.635100000000005,POINT (121.5308 23.6351),POINT (304156.15155297134 2614713.0231808648),55.47204308564128,57.98536380554229,HIGH,Safe
2185,花蓮縣光復鄉,西富村,民有街51巷3-1號,121.4295,23.6362,馬佛活動中心,西富村,100,"水災,震災,土石流",高有民,03-8702206,是,否,是,100,馬佛活動中心,民有街51巷3-1號,低風險,1000.0,500-1000m,中風險,121.4295,23.6362,POINT (121.4295 23.6362),POINT (293820.26048181043 2614800.116436315),136.602392000426,8.20438559739833,LOW,Medium
2202,花蓮縣光復鄉,南富村,建國路二段39號,121.4512,23.6419,砂荖活動中心,南富村,100,"水災,震災,土石流",吳福鍵,03-8702206,是,否,是,100,砂荖活動中心,建國路二段39號,極高風險,500.0,<=500m,高風險,121.4512,23.641900000000003,POINT (121.4512 23.6419),POINT (296032.2666469143 2615438.1812398764),133.32439227391555,32.317739280860216,HIGH,High
2219,花蓮縣豐濱鄉,新社村,150號,121.5354,23.6519,新社國小二樓綜合教室,新社村,200,"水災,震災,土石流",許傳方,03-8711138,是,否,是,200,新社國小二樓綜合教室,150號,高風險,1000.0,500-1000m,中風險,121.5354,23.6519,POINT (121.5354 23.6519),POINT (304618.5143337005 2616575.295449927),58.17358177807006,47.80429452572705,HIGH,Medium
2220,花蓮縣光復鄉,大全村,中山路一段216巷8號,121.4184,23.6521,光復鄉立托兒所,大全村.大進村,100,"水災,震災,土石流",羅彩和,03-8705165,是,是,是,100,光復鄉立托兒所,中山路一段216巷8號,高風險,500.0,<=500m,高風險,121.41840000000002,23.6521,POINT (121.4184 23.6521),POINT (292682.59851441754 2616557.5870971964),123.08474994970828,10.495211480653406,LOW,High
2227,花蓮縣光復鄉,西富村,中正路二段72巷14號,121.4494,23.6584,西南活動中心,西富村,100,"水災,震災,土石流",劉貴滿,03-8702923,是,否,是,100,西南活動中心,中正路二段72巷14號,高風險,500.0,<=500m,高風險,121.4494,23.6584,POINT (121.4494 23.6584),POINT (295842.8751663231 2617264.8858005316),112.30442178486199,14.215460387865074,LOW,High
2232,花蓮縣光復鄉,北富村,中正路二段23號,121.4484,23.6601,太巴塱國小,北富村.西富村,100,"水災,震災,土石流",林萬男,03-8701134#10,是,是,是,100,太巴塱國小,中正路二段23號,高風險,500.0,<=500m,高風險,121.4484,23.6601,POINT (121.4484 23.6601),POINT (295740.2734011969 2617452.830836474),110.8809099996992,14.215460387865074,LOW,High
2236,花蓮縣光復鄉,大同村,中正路一段370號,121.431,23.6633,大同活動中心,大同村,100,"水災,震災,土石流",吳張義,03-8701180,是,否,是,100,大同活動中心,中正路一段370號,高風險,500.0,<=500m,高風險,121.43099999999998,23.6633,POINT (121.431 23.6633),POINT (293964.2454033442 2617801.746475203),114.47701323311871,12.345524964783575,LOW,High
2244,花蓮縣光復鄉,大華村,中華路257號,121.4233,23.6694,光復鄉公所,大安村、大華村,100,"水災,震災,土石流",黃微鈞,03-8702206#239,是,是,是,100,光復鄉公所,中華路257號,高風險,1000.0,500-1000m,中風險,121.4233,23.6694,POINT (121.4233 23.6694),POINT (293176.7920188827 2618474.937116899),126.66297296332438,41.2724024617713,HIGH,Medium
2247,花蓮縣光復鄉,大馬村,林森路200號,121.4248,23.6705,光復國中,大平村.大馬村.大同村,100,"水災,震災,土石流",葉淑貞,03-8701027,是,是,是,100,光復國中,林森路200號,高風險,1000.0,500-1000m,中風險,121.4248,23.6705,POINT (121.4248 23.6705),POINT (293329.4320029559 2618597.2106575104),124.94813490425621,37.04692413943158,HIGH,Medium
2277,花蓮縣光復鄉,東富村,東富路60號,121.4825,23.6845,東富國小,東富村,100,"水災,震災,土石流",鄭金寶,03-8701292,是,是,是,100,東富國小,東富路60號,極高風險,500.0,<=500m,高風險,121.48250000000002,23.6845,POINT (121.4825 23.6845),POINT (299209.6549715424 2620166.352207641),118.30464114511892,35.91431392559773,HIGH,High
2293,花蓮縣萬榮鄉,明利村,5鄰75號,121.4018,23.696,馬太鞍社區活動中心,明利村,80,"水災,土石流,海嘯",許花麗,03-8751114,是,否,是,80,馬太鞍社區活動中心,5鄰75號,高風險,1000.0,500-1000m,中風險,121.4018,23.696,POINT (121.4018 23.696),POINT (290975.4591644779 2621414.399873519),225.41236727189045,31.396210824185996,HIGH,Medium
2323,花蓮縣萬榮鄉,明利村,2鄰34-8號,121.412375,23.704834,明利社區活動中心,明利村,100,"水災,土石流,海嘯",許花麗,03-8751114,是,否,是,100,明利社區活動中心,2鄰34-8號,高風險,2000.0,1000-2000m,低風險,121.412375,23.704834,POINT (121.412375 23.704834),POINT (292051.0771216389 2622395.7988191787),170.11798252343402,42.1715883086065,HIGH,Low
2333,花蓮縣豐濱鄉,磯崎村,71號,121.5419,23.7085,磯崎村辦公處活動中心,磯崎村,0,"水災,震災,土石流",李貴良,03-8711029,是,否,是,0,磯崎村辦公處活動中心,71號,極高風險,500.0,<=500m,高風險,121.5419,23.7085,POINT (121.5419 23.7085),POINT (305257.8102027752 2622846.015979763),83.96182235824386,63.652254408633105,HIGH,High
2337,花蓮縣鳳林鎮,長橋里,長橋路4號,121.4195,23.7097,長橋社區活動中心,長橋里,50,"水災,土石流",董經碩,03-8751131,是,否,否,50,長橋社區活動中心,長橋路4號,低風險,2000.0,1000-2000m,低風險,121.4195,23.7097,POINT (121.4195 23.7097),POINT (292776.05646539433 2622936.804301646),140.13714589499065,6.267653054304626,LOW,Low
2338,花蓮縣萬榮鄉,明利村,1鄰13-3號,121.414808,23.709766,萬榮鄉立幼兒園,明利村,50,"水災,土石流,海嘯",許花麗,03-8751114,是,否,是,50,萬榮鄉立幼兒園,1鄰13-3號,高風險,2000.0,1000-2000m,低風險,121.41480799999998,23.70976599999999,POINT (121.414808 23.709766),POINT (292297.5902294289 2622942.712750507),146.60482128688267,57.65473572637932,HIGH,Low
2350,花蓮縣萬榮鄉,萬榮村,1鄰8號,121.410119,23.714392,萬榮社區活動中心,萬榮村,50,"水災,土石流,海嘯",陳如花,03-8751497,是,否,是,50,萬榮社區活動中心,1鄰8號,高風險,1000.0,500-1000m,中風險,121.410119,23.714392,POINT (121.410119 23.714392),POINT (291817.97692076454 2623453.6347474623),188.30896429723623,51.59683468042485,HIGH,Medium
2357,花蓮縣鳳林鎮,森榮里,林森路113-1號,121.3972,23.7176,森榮里辦公處,森榮里,30,水災,董經碩,03-8751926,是,否,否,30,森榮里辦公處,林森路113-1號,極高風險,500.0,<=500m,高風險,121.3972,23.7176,POINT (121.3972 23.7176),POINT (290499.67979584524 2623805.171759358),210.26706849079696,61.3903053641174,HIGH,High
2384,花蓮縣鳳林鎮,鳳信里,中正路1段120巷24號,121.4434,23.7297,鳳信社區活動中心,鳳信里,50,"水災,土石流",傅金棟,03-8764212,是,否,否,50,鳳信社區活動中心,中正路1段120巷24號,低風險,2000.0,1000-2000m,低風險,121.44339999999998,23.7297,POINT (121.4434 23.7297),POINT (295206.2560911946 2625159.0912289987),118.37276064008779,7.182110366058708,LOW,Low
2397,花蓮縣鳳林鎮,鳳智里,中華路2號,121.449348,23.741218,樂活會館,鳳義里、鳳信里、山興里、南平里,150,"水災,震災,土石流",詹芳雅,03-8762771轉191,是,否,否,150,樂活會館,中華路2號,低風險,2000.0,1000-2000m,低風險,121.449348,23.741218,POINT (121.449348 23.741218),POINT (295808.6581658733 2626436.560998109),106.3267789551529,6.130015690213005,LOW,Low
2401,花蓮縣鳳林鎮,鳳智里,中正路2段1號,121.4472,23.7429,鳳林鎮藝文中心,鳳智里、山興里,300,"水災,震災,土石流",巫賢偉,03-8762031#14,是,是,否,300,鳳林鎮藝文中心,中正路2段1號,低風險,2000.0,1000-2000m,低風險,121.4472,23.7429,POINT (121.4472 23.7429),POINT (295589.0924859115 2626622.1455270713),106.00523252881908,11.3789898840043,LOW,Low
2403,花蓮縣鳳林鎮,鳳智里,鳳林鎮光復路8號,121.4488,23.7439,鳳林國中進德堂,鳳智里,350,"水災,震災,土石流",鍾孔麟,03-8762021,是,是,否,350,鳳林國中進德堂,鳳林鎮光復路8號,低風險,1000.0,500-1000m,中風險,121.44880000000002,23.743900000000004,POINT (121.4488 23.7439),POINT (295751.8549175613 2626733.4048142144),104.43240838138246,11.3789898840043,LOW,Medium
2405,花蓮縣鳳林鎮,鳳智里,光華路124號,121.4518,23.7447,鳳林鎮公所,鳳智里,80,"水災,震災,土石流",蕭文龍,03-8762772,是,否,否,80,鳳林鎮公所,光華路124號,低風險,2000.0,1000-2000m,低風險,121.4518,23.7447,POINT (121.4518 23.7447),POINT (296057.4058147295 2626822.969289942),102.2702397988767,5.689922832965798,LOW,Low
2410,花蓮縣鳳林鎮,鳳智里,大同街7-1號,121.451,23.746,"鳳禮,鳳智里活動中心",鳳智里、鳳禮里,60,"水災,土石流",張燕春,03-8763910,是,否,是,60,"鳳禮,鳳智里活動中心",大同街7-1號,低風險,1000.0,500-1000m,中風險,121.451,23.745999999999995,POINT (121.451 23.746),POINT (295975.3947126368 2626966.680125268),101.64961733915368,9.516814902619075,LOW,Medium
2420,花蓮縣鳳林鎮,鳳義里,鳳林鎮水源路56-2號,121.4393,23.7491,鳳義社區活動中心,鳳義里,50,土石流,傅金棟,03-8763004,是,否,否,50,鳳義社區活動中心,鳳林鎮水源路56-2號,高風險,500.0,<=500m,高風險,121.4393,23.749099999999995,POINT (121.4393 23.7491),POINT (294781.60875354125 2627306.260269023),106.19157463104935,8.786844718784536,LOW,High
2422,花蓮縣鳳林鎮,鳳仁里,中華路111號,121.452,23.7498,鳳仁社區活動中心,鳳仁里,50,"水災,土石流",劉清盛,03-8763174,是,否,否,50,鳳仁社區活動中心,中華路111號,低風險,1000.0,500-1000m,中風險,121.452,23.7498,POINT (121.452 23.7498),POINT (296076.0001568556 2627387.837892508),97.90028583084582,9.516814902619075,LOW,Medium
2429,花蓮縣鳳林鎮,鳳仁里,鳳林鎮光復路94號,121.4518,23.7512,鳳仁國小羽球館,鳳仁里,300,"水災,震災,土石流",鍾肇憲,03-8762201,是,是,否,300,鳳仁國小羽球館,鳳林鎮光復路94號,低風險,1000.0,500-1000m,中風險,121.4518,23.7512,POINT (121.4518 23.7512),POINT (296055.1198462017 2627542.8173849876),96.93248594869962,9.516814902619075,LOW,Medium
2433,花蓮縣鳳林鎮,大榮里,復興路69號,121.4676,23.7523,大榮2村社區活動中心,大榮里,50,"水災,土石流",劉清盛,03-8763419,是,否,否,50,大榮2村社區活動中心,復興路69號,低風險,2000.0,1000-2000m,低風險,121.4676,23.7523,POINT (121.4676 23.7523),POINT (297665.3473282901 2627669.842936525),87.82752932035007,3.791912868494474,LOW,Low
2434,花蓮縣鳳林鎮,大榮里,鳳林鎮大榮3路15號,121.4676,23.7523,大榮1村社區活動中心,大榮里,50,"水災,土石流",劉清盛,03-8763419,是,否,否,50,大榮1村社區活動中心,鳳林鎮大榮3路15號,低風險,2000.0,1000-2000m,低風險,121.4676,23.7523,POINT (121.4676 23.7523),POINT (297665.3473282901 2627669.842936525),87.82752932035007,3.791912868494474,LOW,Low
2480,花蓮縣鳳林鎮,北林里,民和路1號,121.471,23.7672,北林3村社區活動中心,北林里,50,土石流,戴佳明,8761724,是,否,否,50,北林3村社區活動中心,民和路1號,低風險,1000.0,500-1000m,中風險,121.47100000000002,23.7672,POINT (121.471 23.7672),POINT (298006.47013876145 2629321.105259587),82.82039366177986,5.809702596071123,LOW,Medium
2505,花蓮縣鳳林鎮,南平里,自強路368-1號,121.4584,23.7817,南平社區活動中心,南平里,50,"水災,土石流",江麗琴,03-8771735,是,否,否,50,南平社區活動中心,自強路368-1號,低風險,1000.0,500-1000m,中風險,121.4584,23.781699999999997,POINT (121.4584 23.7817),POINT (296717.02230845543 2630922.72870002),111.12480109857053,8.654274109425424,LOW,Medium
2506,花蓮縣壽豐鄉,水璉村,水璉二街21號,121.5472,23.7817,水璉活動中心,水璉村,41,"水災,震災,土石流",黃文達,03-8601055,是,否,是,41,水璉活動中心,水璉二街21號,極高風險,500.0,<=500m,高風險,121.5472,23.7817,POINT (121.5472 23.7817),POINT (305767.0884771225 2630954.755496336),126.9101020384808,43.36705124616008,HIGH,High
2509,花蓮縣萬榮鄉,見晴村,7鄰89號,121.451955,23.783512,見晴國民小學,見晴村,130,"水災,土石流,海嘯",馬麗琴,03-8771034,是,否,是,130,見晴國民小學,7鄰89號,低風險,1000.0,500-1000m,中風險,121.451955,23.783512,POINT (121.451955 23.783512),POINT (296059.5438953651 2631121.2968113907),120.88551515924325,6.2030111533863375,LOW,Medium
2534,花蓮縣壽豐鄉,米棧村,米棧路二段21號,121.5243,23.7951,米棧活動中心,米棧村,34,"水災,震災,土石流,海嘯",黃明輝,03-8741367,是,否,是,34,米棧活動中心,米棧路二段21號,高風險,1000.0,500-1000m,中風險,121.5243,23.7951,POINT (121.5243 23.7951),POINT (303427.745482022 2632429.9681485896),146.82892785615067,51.88279854397133,HIGH,Medium
2561,花蓮縣鳳林鎮,林榮里,永康路54號,121.45,23.8035,林榮社區活動中心,林榮里,50,"水災,土石流",江麗琴,03-8771014,是,否,否,50,林榮社區活動中心,永康路54號,低風險,1000.0,500-1000m,中風險,121.45,23.8035,POINT (121.45 23.8035),POINT (295853.2893402048 2633334.2652251176),154.03611313076087,12.711493705755156,LOW,Medium
2598,花蓮縣壽豐鄉,溪口村,溪口路103巷2號,121.4734,23.8195,溪口活動中心,溪口村,50,"水災,震災,土石流,海嘯",黃素珠,03-8652809,是,否,是,50,溪口活動中心,溪口路103巷2號,高風險,1000.0,500-1000m,中風險,121.4734,23.819499999999994,POINT (121.4734 23.8195),POINT (298231.7853609876 2635113.972108409),112.19197760299076,45.412637676567996,HIGH,Medium
2619,花蓮縣壽豐鄉,豐坪村,豐坪路2段73號,121.5096,23.8351,豐坪活動中心,豐坪村,32,"水災,震災,土石流,海嘯",曾振倫,03-8652803,是,否,是,32,豐坪活動中心,豐坪路2段73號,低風險,2000.0,1000-2000m,低風險,121.50960000000002,23.8351,POINT (121.5096 23.8351),POINT (301913.83432841464 2636854.413017935),51.10397354024925,4.432873552709164,LOW,Low
2629,花蓮縣壽豐鄉,樹湖村,大樹腳59號,121.4692,23.8407,樹湖活動中心,樹湖村,38,"水災,震災,土石流,海嘯",黃素珠,03-8652810,是,否,是,38,樹湖活動中心,大樹腳59號,極高風險,500.0,<=500m,高風險,121.4692,23.840699999999995,POINT (121.4692 23.8407),POINT (297796.0986824759 2637460.3914831565),152.68363080372438,40.1632296395171,HIGH,High
2639,花蓮縣壽豐鄉,豐山村,中山路41號,121.4918,23.8464,豐山國小,豐山村,50,"水災,震災,土石流,海嘯",林忠宏,03-8651640,是,否,是,50,豐山國小,中山路41號,低風險,1000.0,500-1000m,中風險,121.4918,23.8464,POINT (121.4918 23.8464),POINT (300096.14484740136 2638099.4572061654),54.043183678996805,6.977340801740747,LOW,Medium
2643,花蓮縣壽豐鄉,豐山村,中山路127巷15號,121.4936,23.8478,豐山活動中心,豐山村,47,"水災,震災,土石流,海嘯",陳春盛,03-8652801,是,否,是,47,豐山活動中心,中山路127巷15號,低風險,2000.0,1000-2000m,低風險,121.4936,23.8478,POINT (121.4936 23.8478),POINT (300278.96098742296 2638255.1414862466),51.639444138187955,6.977340801740747,LOW,Low
2660,花蓮縣萬榮鄉,西林村,8鄰134號,121.342737,23.855288,西林社區活動中心,西林村,100,"水災,土石流,海嘯",郭瑪利,03-8771524,是,否,是,100,西林社區活動中心,8鄰134號,高風險,,>2000m,安全,121.342737,23.855288,POINT (121.342737 23.855288),POINT (284909.63392708445 2639039.0632001613),1150.6322254073589,76.22686505505023,HIGH,Safe
2668,花蓮縣萬榮鄉,西林村,7鄰103號,121.3593,23.8576,西林天主堂,西林村,100,"水災,土石流,海嘯",郭瑪利,03-8771524,是,否,是,100,西林天主堂,7鄰103號,高風險,1000.0,500-1000m,中風險,121.35930000000002,23.8576,POINT (121.3593 23.8576),POINT (286596.03109752113 2639299.2892720154),924.8227133977055,79.40111321299797,HIGH,Medium
2688,花蓮縣壽豐鄉,月眉村,月眉路3段24號,121.556384,23.867967,月眉國小,壽豐鄉月眉村,50,"水災,震災,土石流,海嘯",劉康盛,03-8631011,是,否,是,50,月眉國小,月眉路3段24號,極高風險,500.0,<=500m,高風險,121.556384,23.867967,POINT (121.556384 23.867967),POINT (306665.60515472107 2640512.3024018425),48.37176437416835,33.33142483946595,HIGH,High
2689,花蓮縣壽豐鄉,米棧村,米棧路一段53號,121.5564,23.8681,月眉國小-米棧分校,米棧村,45,"水災,震災,土石流,海嘯",鍾萬仁,03-8741270,是,否,是,45,月眉國小-米棧分校,米棧路一段53號,極高風險,500.0,<=500m,高風險,121.5564,23.868099999999995,POINT (121.5564 23.8681),POINT (306667.1768488699 2640527.038392662),47.8642056653553,33.33142483946595,HIGH,High
2691,花蓮縣壽豐鄉,壽豐村,壽豐路1段97號,121.5099,23.8691,壽豐活動中心,壽豐村,13,"水災,震災,土石流,海嘯",劉鳳珠,03-8652805,是,否,是,13,壽豐活動中心,壽豐路1段97號,高風險,500.0,<=500m,高風險,121.50990000000002,23.8691,POINT (121.5099 23.8691),POINT (301930.84527069924 2640619.9543755394),34.76458030981808,25.228166223866154,MEDIUM,High
2693,花蓮縣壽豐鄉,共和村,農墾2街38號,121.5308,23.8693,共和活動中心,共和村,31,"水災,震災,土石流,海嘯",劉鳳珠,03-8652804,是,否,是,31,共和活動中心,農墾2街38號,高風險,500.0,<=500m,高風險,121.5308,23.8693,POINT (121.5308 23.8693),POINT (304059.36643238255 2640649.926792184),30.59528900692835,12.660973098326311,LOW,High
2697,花蓮縣壽豐鄉,壽豐村,壽山路26號,121.5091,23.8704,壽豐鄉公所,壽豐鄉各村,50,"水災,震災,土石流,海嘯",李昌貴,03-8654110,否,是,是,50,壽豐鄉公所,壽山路26號,極高風險,500.0,<=500m,高風險,121.5091,23.870400000000004,POINT (121.5091 23.8704),POINT (301848.8500124562 2640763.633880623),34.94276159597088,32.053094261959124,HIGH,High
2698,花蓮縣壽豐鄉,壽豐村,公園路30號,121.5091,23.8704,文化中心,壽豐村,50,"水災,震災,土石流,海嘯",陳自強,03-8652131-122,是,否,是,50,文化中心,公園路30號,極高風險,500.0,<=500m,高風險,121.5091,23.870400000000004,POINT (121.5091 23.8704),POINT (301848.8500124562 2640763.633880623),34.94276159597088,32.053094261959124,HIGH,High
2701,花蓮縣壽豐鄉,鹽寮村,鹽寮165號,121.59829,23.871385,鹽寮活動中心,鹽寮村,15,"水災,震災,土石流",黃文達,03-8671123,是,否,是,15,鹽寮活動中心,鹽寮165號,高風險,1000.0,500-1000m,中風險,121.59829,23.871384999999997,POINT (121.59829 23.871385),POINT (310932.0744907276 2640908.246193202),64.30443856952272,49.49998499577384,HIGH,Medium
2722,花蓮縣壽豐鄉,光榮村,光榮1街26之1號,121.5143,23.8817,光榮活動中心,光榮村,39,"水災,震災,土石流,海嘯",沈佩儀,03-8652806,是,否,是,39,光榮活動中心,光榮1街26之1號,極高風險,500.0,<=500m,高風險,121.5143,23.881699999999995,POINT (121.5143 23.8817),POINT (302373.9021748614 2642017.0045921793),44.32913821160581,32.66238887253268,HIGH,High
2727,花蓮縣壽豐鄉,平和村,平和路32號,121.5197,23.8837,平和活動中心,平和村,49,"水災,震災,土石流,海嘯",陳美珠,03-8661801,是,否,是,49,平和活動中心,平和路32號,極高風險,500.0,<=500m,高風險,121.5197,23.8837,POINT (121.5197 23.8837),POINT (302923.00959640945 2642240.510636051),45.575326528354566,38.66518490685925,HIGH,High
2792,花蓮縣壽豐鄉,月眉村,月眉路三段108號,121.554,23.8996,月眉活動中心,月眉村,53,"水災,震災,土石流,海嘯",黃明輝,03-8631116,是,否,是,53,月眉活動中心,月眉路三段108號,中風險,1000.0,500-1000m,中風險,121.55400000000002,23.899599999999992,POINT (121.554 23.8996),POINT (306409.08318286063 2644014.6726055043),33.8511785896457,16.635105617134016,LOW,Medium
2804,花蓮縣壽豐鄉,志學村,中正路120巷13號,121.5322,23.9053,志學活動中心,志學村,40,"水災,震災,土石流,海嘯",徐琬玲,03-8661800,是,否,是,40,志學活動中心,中正路120巷13號,中風險,1000.0,500-1000m,中風險,121.5322,23.9053,POINT (121.5322 23.9053),POINT (304186.955610247 2644637.41710984),46.37683677284085,8.895547612004222,LOW,Medium
2848,花蓮縣壽豐鄉,池南村,池南路2段17號,121.506,23.9197,池南活動中心,池南村,53,"水災,震災,土石流,海嘯",沈佩儀,03-8641008,是,否,是,53,池南活動中心,池南路2段17號,極高風險,500.0,<=500m,高風險,121.506,23.9197,POINT (121.506 23.9197),POINT (301513.5956253314 2646222.4056965304),165.8107393528356,45.40879093908899,HIGH,High
2876,花蓮縣吉安鄉,光華村,光華二街200號,121.578,23.934,光華活動中心,光華村,37,"水災,震災,土石流",葉光南,8422057,是,否,是,37,光華活動中心,光華二街200號,低風險,2000.0,1000-2000m,低風險,121.578,23.933999999999997,POINT (121.578 23.934),POINT (308837.271167791 2647834.2447692323),32.88485466345787,6.462984623295492,LOW,Low
2902,花蓮縣吉安鄉,干城村,干城一街97巷1號,121.545,23.9474,干城活動中心,干城村,35,"水災,震災,土石流",林世昌,8526086,是,否,是,35,干城活動中心,干城一街97巷1號,低風險,2000.0,1000-2000m,低風險,121.545,23.9474,POINT (121.545 23.9474),POINT (305472.2508450446 2649304.9343518005),75.86982151636477,10.94109607254893,LOW,Low
2903,花蓮縣秀林鄉,文蘭村,6鄰79號,121.5068,23.9479,文蘭活動中心,重光、米亞丸社區,100,"水災,震災,土石流,海嘯",杜明輝,955079056,是,否,是,100,文蘭活動中心,6鄰79號,極高風險,500.0,<=500m,高風險,121.5068,23.9479,POINT (121.5068 23.9479),POINT (301583.83422257914 2649345.8226170195),146.48594900637258,53.100337209308435,HIGH,High
2912,花蓮縣吉安鄉,仁安村,南海三街71號,121.5968,23.9517,仁安活動中心,仁安村,63,"水災,震災,土石流",蔡文隆,8422948,是,否,是,63,仁安活動中心,南海三街71號,低風險,2000.0,1000-2000m,低風險,121.59680000000002,23.9517,POINT (121.5968 23.9517),POINT (310742.7687564499 2649802.486324302),11.673897957801818,5.308278014694494,LOW,Low
2916,花蓮縣吉安鄉,南華村,南華四街123號,121.5513,23.9527,南華活動中心,南華村,63,"水災,震災,土石流",蕭萬生,8534573,是,否,是,63,南華活動中心,南華四街123號,低風險,2000.0,1000-2000m,低風險,121.5513,23.952700000000004,POINT (121.5513 23.9527),POINT (306111.2102258299 2649894.39894424),66.20875504552102,5.041212694559419,LOW,Low
2921,花蓮縣吉安鄉,稻香村,慶豐路79號,121.5757,23.9548,稻香活動中心,稻香村,40,"水災,震災,土石流",鄧桂英,8533083,是,否,是,40,稻香活動中心,慶豐路79號,低風險,2000.0,1000-2000m,低風險,121.57569999999998,23.9548,POINT (121.5757 23.9548),POINT (308593.7440494969 2650136.8908623653),34.4716470923611,4.4010761055471725,LOW,Low
2922,花蓮縣吉安鄉,永興村,永興七街86號,121.5683,23.955,永興活動中心,永興村,53,"水災,震災,土石流",陳源忠,8526058,是,否,是,53,永興活動中心,永興七街86號,低風險,,>2000m,安全,121.5683,23.954999999999995,POINT (121.5683 23.955),POINT (307840.47894325847 2650155.9878920256),43.37071900900258,5.237388978672968,LOW,Safe
2923,花蓮縣吉安鄉,仁和村,南海三街314號,121.5876,23.9563,仁和活動中心,仁和村,101,"水災,震災,土石流",賴明章,8523002,是,否,是,101,仁和活動中心,南海三街314號,低風險,2000.0,1000-2000m,低風險,121.5876,23.9563,POINT (121.5876 23.9563),POINT (309804.24193199066 2650308.0089116357),20.858051012973394,5.954029864549349,LOW,Low
2950,花蓮縣秀林鄉,銅門村,9鄰53號,121.4944,23.965,銅門收容所,銅門村,70,"水災,土石流",何文忠,03-8641057,是,否,是,70,銅門收容所,9鄰53號,極高風險,500.0,<=500m,高風險,121.4944,23.965,POINT (121.4944 23.965),POINT (300315.0629534215 2651235.1593953525),179.4149363591121,65.69161032789657,HIGH,High
2953,花蓮縣吉安鄉,東昌村,東海六街74號,121.5953,23.9658,東昌活動中心,東昌村,47,"水災,震災,土石流",魏錦添,8528607,是,否,是,47,東昌活動中心,東海六街74號,高風險,500.0,<=500m,高風險,121.5953,23.9658,POINT (121.5953 23.9658),POINT (310583.50510141504 2651363.4247226934),12.7919652818599,11.0919025790452,LOW,High
2961,花蓮縣吉安鄉,仁里村,仁里五街1號,121.5925,23.9684,仁里活動中心,仁里村,90,水災,楊昇達,8514057,是,否,是,90,仁里活動中心,仁里五街1號,高風險,500.0,<=500m,高風險,121.5925,23.968399999999995,POINT (121.5925 23.9684),POINT (310297.33342544193 2651650.1766061084),15.263420236622629,11.909060502744392,LOW,High
2964,花蓮縣花蓮市,主農里,中順街77號,121.5968,23.9688,主農社區活動中心,主農、主安里,50,"水災,土石流,海嘯",劉冠宏,03-8350088,是,否,是,50,主農社區活動中心,中順街77號,高風險,500.0,<=500m,高風險,121.59680000000002,23.9688,POINT (121.5968 23.9688),POINT (310734.75750544015 2651696.3219965333),11.788204079988052,11.0919025790452,LOW,High
2965,花蓮縣吉安鄉,福興村,福德街1號,121.5624,23.9689,福興活動中心,福興村,106,"水災,震災,土石流",黃朝彬,8526216,是,否,是,106,福興活動中心,福德街1號,低風險,2000.0,1000-2000m,低風險,121.5624,23.9689,POINT (121.5624 23.9689),POINT (307233.83815630234 2651693.009730497),42.00292112627102,3.9815316378070924,LOW,Low
2970,花蓮縣吉安鄉,南昌村,文化七街64號,121.5797,23.9704,南昌活動中心,南昌村,72,"震災,土石流,海嘯",陳振興,8521081,是,否,是,72,南昌活動中心,文化七街64號,中風險,1000.0,500-1000m,中風險,121.5797,23.9704,POINT (121.5797 23.9704),POINT (308993.7667042257 2651866.264268923),25.80308396239924,4.222007525695856,LOW,Medium
2973,花蓮縣花蓮市,主學里,中正路210號,121.5997,23.9717,中正國小,主農、主安、主力、主學、主權、主和等里,187,"水災,土石流,海嘯",陳世文,03-8322819,是,否,否,187,中正國小,中正路210號,中風險,1000.0,500-1000m,中風險,121.5997,23.971699999999995,POINT (121.5997 23.9717),POINT (311028.5243142897 2652018.7512501036),10.053610832138373,5.644842063075385,LOW,Medium
2974,花蓮縣花蓮市,主權里,中原路531號,121.5964,23.9718,中原國小文中三國中預定地,主農、主安、主力、主學、主權、主和等里,85,"水災,土石流,海嘯",陳雅琪,03-8333547,是,否,否,85,中原國小文中三國中預定地,中原路531號,高風險,500.0,<=500m,高風險,121.5964,23.9718,POINT (121.5964 23.9718),POINT (310692.64447455696 2652028.4020810653),12.500920190748129,11.269644086874743,LOW,High
2981,花蓮縣吉安鄉,吉安村,吉安路二段97號,121.5628,23.9734,吉安國小,吉安村,223,"水災,震災,土石流",廖必偉,8523984,是,否,是,223,吉安國小,吉安路二段97號,低風險,2000.0,1000-2000m,低風險,121.5628,23.9734,POINT (121.5628 23.9734),POINT (307272.55693917465 2652191.5486071426),38.51835791059842,6.23101249831571,LOW,Low
2982,花蓮縣花蓮市,主睦里,成功街169號,121.6058,23.9734,花蓮城隍廟香客大樓,花蓮市各里,100,"水災,土石流,海嘯",孫吉造,03-8222854,是,否,否,100,花蓮城隍廟香客大樓,成功街169號,中風險,1000.0,500-1000m,中風險,121.6058,23.9734,POINT (121.6058 23.9734),POINT (311648.4980430141 2652209.6812115135),5.557756346615438,5.158232348189845,LOW,Medium
2984,花蓮縣吉安鄉,吉安村,中興路355巷7號,121.5643,23.9736,吉安活動中心,吉安村,32,"震災,土石流,海嘯",溫金勝,8535282,是,否,是,32,吉安活動中心,中興路355巷7號,低風險,2000.0,1000-2000m,低風險,121.5643,23.973599999999998,POINT (121.5643 23.9736),POINT (307425.11702967697 2652214.3087507007),37.267526680943924,6.23101249831571,LOW,Low
2986,花蓮縣吉安鄉,吉安村,中山路三段99巷18號,121.5742,23.974,五穀宮,全鄉,70,"水災,震災,土石流",林俊德,8521334,是,否,是,70,五穀宮,中山路三段99巷18號,中風險,1000.0,500-1000m,中風險,121.57420000000002,23.974,POINT (121.5742 23.974),POINT (308432.4173804745 2652262.6761544044),29.428723824517103,9.105494835587589,LOW,Medium
2989,花蓮縣吉安鄉,勝安村,慈惠一街30號,121.5869,23.9754,勝安活動中心,勝安村,38,"水災,震災,土石流",陳昌周,8522377,是,否,是,38,勝安活動中心,慈惠一街30號,高風險,500.0,<=500m,高風險,121.5869,23.9754,POINT (121.5869 23.9754),POINT (309724.1945354357 2652423.0482982965),19.817210615197958,9.94120533311857,LOW,High
2990,花蓮縣吉安鄉,宜昌村,吉祥六街52巷9號,121.5832,23.9756,宜昌活動中心,宜昌村,49,"震災,土石流,海嘯",范來新,8535389,是,否,是,49,宜昌活動中心,吉祥六街52巷9號,高風險,500.0,<=500m,高風險,121.5832,23.975600000000004,POINT (121.5832 23.9756),POINT (309347.57423514134 2652443.636081408),22.5843185227157,11.529069061736168,LOW,High
2991,花蓮縣花蓮市,主力里,中華路298號,121.5986,23.9756,忠孝國小,主力、主學等里,47,"水災,土石流,海嘯",程立,03-8351218,是,否,否,47,忠孝國小,中華路298號,中風險,1000.0,500-1000m,中風險,121.5986,23.9756,POINT (121.5986 23.9756),POINT (310914.7463590562 2652450.203902824),10.99695209504146,5.38181087184933,LOW,Medium
2992,花蓮縣花蓮市,主權里,中原路666號,121.5938,23.9757,主權社區活動中心,主權里,72,"水災,土石流,海嘯",徐淑憶,03-8333749,是,否,是,72,主權社區活動中心,中原路666號,中風險,1000.0,500-1000m,中風險,121.5938,23.9757,POINT (121.5938 23.9757),POINT (310426.2301686534 2652459.213506013),14.705002565437516,7.493312102800307,LOW,Medium
2996,花蓮縣吉安鄉,勝安村,慈惠三街118號,121.5867,23.9777,勝安宮,勝安村,1300,"水災,震災,土石流",田後隆,8528658,是,否,是,1300,勝安宮,慈惠三街118號,高風險,500.0,<=500m,高風險,121.5867,23.9777,POINT (121.5867 23.9777),POINT (309702.7816508189 2652677.690251994),20.5794336825001,9.94120533311857,LOW,High
2998,花蓮縣吉安鄉,勝安村,慈惠三街136號,121.586,23.978,聖地慈惠堂,勝安村,700,"震災,土石流",劉幫政,8521334,是,否,是,700,聖地慈惠堂,慈惠三街136號,高風險,500.0,<=500m,高風險,121.586,23.978,POINT (121.586 23.978),POINT (309631.4096483245 2652710.619213127),21.23123350724351,11.529069061736168,LOW,High
2999,花蓮縣花蓮市,民權里,公園路53號,121.6142,23.978,中正體育館,花蓮市各里,593,"水災,土石流",劉國華,03-8580686,是,否,否,593,中正體育館,公園路53號,高風險,500.0,<=500m,高風險,121.6142,23.978000000000005,POINT (121.6142 23.978),POINT (312501.1164665039 2652722.8342057224),9.30802860299736,26.363678230124577,MEDIUM,High
3000,花蓮縣花蓮市,國風里,林政街7號,121.5954,23.9785,國風國中,國華、國風等里,800,"水災,土石流,海嘯",王錦懋,03-8323847,是,否,是,800,國風國中,林政街7號,中風險,1000.0,500-1000m,中風險,121.5954,23.9785,POINT (121.5954 23.9785),POINT (310587.7436188541 2652770.0025201617),13.41998476395762,6.076158220052624,LOW,Medium
3004,花蓮縣花蓮市,國風里,明義街107號,121.6029,23.979,明義國小,國華、國光、國威、國治、國魂、國安、國防、國聯、國盛、國風、民主、民治、民有、民族、民生、民權、主商、主勤、主計、主義、主工、主睦、主信等里,185,"水災,土石流,海嘯",郭文隆,03-8326686,是,否,是,185,明義國小,明義街107號,高風險,500.0,<=500m,高風險,121.6029,23.979,POINT (121.6029 23.979),POINT (311350.72366261826 2652828.621581444),7.879598984258429,5.38181087184933,LOW,High
3021,花蓮縣花蓮市,國威里,林森路252號,121.6068,23.9821,花蓮市公所,花蓮市各里,37,"水災,土石流,海嘯",彭莉萍,03-8322141,是,否,是,37,花蓮市公所,林森路252號,高風險,500.0,<=500m,高風險,121.6068,23.9821,POINT (121.6068 23.9821),POINT (311746.11732416926 2653173.652573151),6.632800409665176,18.346663986070872,LOW,High
3023,花蓮縣吉安鄉,慶豐村,慶北一街237號,121.5632,23.9825,慶豐活動中心,慶豐村,61,"震災,土石流,海嘯",鄭高富,8535375,是,否,是,61,慶豐活動中心,慶北一街237號,高風險,500.0,<=500m,高風險,121.5632,23.9825,POINT (121.5632 23.9825),POINT (307309.23721916764 2653199.540075787),43.060526580654525,8.793591803394847,LOW,High
3025,花蓮縣花蓮市,國魂里,建國路161號,121.599,23.9836,國立花蓮農業職業學校,國華、國光、國治、國威、國安、國防、國聯、國盛、國風、國魂等里,382,"水災,土石流,海嘯",賴世榮,03-8312313,是,否,是,382,國立花蓮農業職業學校,建國路161號,中風險,1000.0,500-1000m,中風險,121.599,23.9836,POINT (121.599 23.9836),POINT (310951.6875278697 2653336.3842178937),10.881045917345553,6.076158220052624,LOW,Medium
3035,花蓮縣花蓮市,國安里,中山路418號,121.6025,23.9865,花蓮高商,國安、國聯、國魂等里,266,"水災,震災,土石流,海嘯",邱志恆,03-8322532210,是,否,否,266,花蓮高商,中山路418號,中風險,1000.0,500-1000m,中風險,121.6025,23.9865,POINT (121.6025 23.9865),POINT (311306.46848744916 2653659.080234984),9.181820969935268,7.7136351263888905,LOW,Medium
3036,花蓮縣吉安鄉,南華村,南華四街123號,121.5947,23.987,北昌活動中心,北昌村,83,"震災,土石流,海嘯",黃加成,8577346,是,否,是,83,北昌活動中心,南華四街123號,低風險,2000.0,1000-2000m,低風險,121.5947,23.986999999999995,POINT (121.5947 23.987),POINT (310512.5383772141 2653711.0846506343),14.769837312063228,6.076158220052624,LOW,Low
3047,花蓮縣花蓮市,民勤里,新興路80號,121.6157,23.9887,南美崙營區,花蓮市各里,300,"水災,震災,土石流,海嘯",姜富川中校參謀官,03-8358100轉838413,是,否,否,300,南美崙營區,新興路80號,高風險,1000.0,500-1000m,中風險,121.61570000000002,23.9887,POINT (121.6157 23.9887),POINT (312648.5843560841 2653908.538014152),53.2410619704704,35.2156442633919,HIGH,Medium
3049,花蓮縣吉安鄉,永安村,太昌路488號,121.5731,23.989,永安活動中心,永安村,156,"震災,土石流,海嘯",郭仁添,8566167,是,否,是,156,永安活動中心,太昌路488號,中風險,1000.0,500-1000m,中風險,121.57309999999998,23.989,POINT (121.5731 23.989),POINT (308313.72140964656 2653923.479924126),39.78151965104822,5.121605755577276,LOW,Medium
3055,花蓮縣花蓮市,國盛里,國盛二街22號,121.607,23.992,中華國小,國華、國光、國威、國治、國魂、國安、國防、國聯、國盛、國風等里,189,"水災,土石流,海嘯",鍾吳南,03-8324308,是,否,是,189,中華國小,國盛二街22號,極高風險,500.0,<=500m,高風險,121.607,23.992,POINT (121.607 23.992),POINT (311761.74687150307 2654270.176545021),9.720102153041147,31.585840221764553,HIGH,High
3061,花蓮縣花蓮市,民政里,永興路20號,121.6255,23.9928,鑄強國小,民樂、民運、民政等里,293,"水災,震災,土石流,海嘯",葉克文,03-8223787,是,否,是,293,鑄強國小,永興路20號,中風險,1000.0,500-1000m,中風險,121.6255,23.9928,POINT (121.6255 23.9928),POINT (313643.7628773466 2654367.0104331924),31.571852018395248,9.583485796382462,LOW,Medium
3064,花蓮縣吉安鄉,太昌村,太昌路488號,121.5639,23.9936,太昌活動中心,太昌村,80,"水災,震災,土石流",周明宗,8569236,是,否,是,80,太昌活動中心,太昌路488號,低風險,1000.0,500-1000m,中風險,121.5639,23.9936,POINT (121.5639 23.9936),POINT (307375.5493386602 2654429.156366843),55.96683001165307,11.351899876863683,LOW,Medium
3069,花蓮縣花蓮市,國富里,中山路903號,121.5947,23.995,明廉國小,國裕、國富里,51,"水災,震災,土石流,海嘯",李玉祥,03-8569088,是,否,是,51,明廉國小,中山路903號,低風險,2000.0,1000-2000m,低風險,121.5947,23.995,POINT (121.5947 23.995),POINT (310508.79908894585 2654597.0929269507),16.951265967458166,6.249574362026229,LOW,Low
3074,花蓮縣花蓮市,國興里,介仁街176號,121.5746,23.997,"慈濟大學附設國民中學,小學",國興、國福、國慶等里,344,"水災,震災,土石流,海嘯",蔡亮雄,03-8572823,是,否,是,344,"慈濟大學附設國民中學,小學",介仁街176號,中風險,1000.0,500-1000m,中風險,121.57460000000002,23.997,POINT (121.5746 23.997),POINT (308462.7387663413 2654810.1078152047),41.80284764576543,11.679359823086289,LOW,Medium
3075,花蓮縣花蓮市,民孝里,化道路40巷1號,121.6277,23.9978,美崙國中,民孝、民心、民享、民樂、民運、民政、民德、民立、民勤、民意等里,193,"水災,震災,土石流",吳斯美,03-8223537,是,否,否,193,美崙國中,化道路40巷1號,中風險,1000.0,500-1000m,中風險,121.6277,23.9978,POINT (121.6277 23.9978),POINT (313865.1486941149 2654921.7637005234),22.391783885878038,20.779965758506155,MEDIUM,Medium
3076,花蓮縣花蓮市,國裕里,裕祥路89號,121.5991,23.9979,自強國中,國裕、國富里,330,"水災,震災,土石流,海嘯",鄭程議,03-8579338,是,否,是,330,自強國中,裕祥路89號,低風險,2000.0,1000-2000m,低風險,121.5991,23.9979,POINT (121.5991 23.9979),POINT (310955.1299802924 2654920.168062265),13.655917221755475,22.969474967607667,MEDIUM,Low
3079,花蓮縣花蓮市,民意里,府前路27號,121.6199,23.9987,花蓮高工,民意、民孝、民心、民享、民樂、民運、民政、民德、民立、民勤等里,310,"水災,震災,土石流,海嘯",周婉茹,03-8226108,是,否,否,310,花蓮高工,府前路27號,高風險,1000.0,500-1000m,中風險,121.6199,23.9987,POINT (121.6199 23.9987),POINT (313071.08040576056 2655017.925778016),28.14468065085433,31.76095701884681,HIGH,Medium
3080,花蓮縣花蓮市,國興里,介仁街67號,121.5734,23.9997,慈濟大學人文社會學院,國興、國福、國慶等里,316,"水災,震災,土石流,海嘯",林憲國,03-8572677,是,否,是,316,慈濟大學人文社會學院,介仁街67號,高風險,500.0,<=500m,高風險,121.5734,23.9997,POINT (121.5734 23.9997),POINT (308339.4247327425 2655108.6376538435),43.06624617688624,16.9444415662068,LOW,High
3085,花蓮縣花蓮市,國慶里,中山路1段200號,121.5916,24.0004,私立四維高級中學,國興、國福、國慶等里,500,"水災,震災,土石流,海嘯",許素卿,03-8561455,是,否,否,500,私立四維高級中學,中山路1段200號,中風險,1000.0,500-1000m,中風險,121.5916,24.0004,POINT (121.5916 24.0004),POINT (310190.8650312955 2655193.8208642458),19.46583715395163,7.014067744150526,LOW,Medium
3093,花蓮縣花蓮市,民意里,府前路29號,121.6182,24.0017,行政院國軍退除役官兵輔導委員會花,花蓮縣,10,"水災,震災,土石流,海嘯",陳國榮,03-8223111,是,否,否,10,行政院國軍退除役官兵輔導委員會花,府前路29號,高風險,1000.0,500-1000m,中風險,121.6182,24.0017,POINT (121.6182 24.0017),POINT (312896.65296617476 2655349.4201309555),20.665541373429186,31.14001068805605,HIGH,Medium
3094,花蓮縣花蓮市,民孝里,林園一街16號,121.631,24.0022,民孝社區活動中心,民孝、民享、民心等里,54,"水災,震災,土石流",黃石貴,03-8223273,是,否,是,54,民孝社區活動中心,林園一街16號,高風險,500.0,<=500m,高風險,121.631,24.002199999999995,POINT (121.631 24.0022),POINT (314198.7323954558 2655410.5710758623),15.054856837876637,23.29631629983561,MEDIUM,High
3095,花蓮縣新城鄉,嘉新村,嘉南路2巷13號,121.6142,24.0035,衛生福利部東區老人之家養護院區,嘉新村,180,"水災,震災,土石流,海嘯",范家榮,03-8222831,是,否,是,180,衛生福利部東區老人之家養護院區,嘉南路2巷13號,高風險,500.0,<=500m,高風險,121.6142,24.003499999999995,POINT (121.6142 24.0035),POINT (312488.8067275179 2655546.992330692),12.588865142924185,28.21914984327553,MEDIUM,High
3096,花蓮縣秀林鄉,水源村,107號,121.554,24.0038,水源收容所,水源村,60,"水災,土石流",胡智偉,03-8567603,是,否,是,60,水源收容所,107號,極高風險,500.0,<=500m,高風險,121.55400000000002,24.003799999999995,POINT (121.554 24.0038),POINT (306363.7827762924 2655554.8165071593),97.91446930437672,38.96900219342221,HIGH,High
3097,花蓮縣花蓮市,民意里,民光483-1號,121.6168,24.0039,大陳二村活動中心,民意里,63,"水災,土石流,海嘯",何芳玲,03-8241064,是,否,是,63,大陳二村活動中心,民光483-1號,中風險,1000.0,500-1000m,中風險,121.6168,24.0039,POINT (121.6168 24.0039),POINT (312753.14400525636 2655592.4489772734),15.679923638792484,22.579067477439054,MEDIUM,Medium
3098,花蓮縣花蓮市,國慶里,達固湖灣大路23號,121.582,24.004,花蓮縣立體育場,花蓮市各里,527,"水災,土石流",林維聖,03-858068615,是,否,否,527,花蓮縣立體育場,達固湖灣大路23號,高風險,500.0,<=500m,高風險,121.582,24.003999999999994,POINT (121.582 24.004),POINT (309212.46670970967 2655588.455561539),29.629400099117742,12.545815143878286,LOW,High
3100,花蓮縣新城鄉,嘉新村,6鄰嘉南一街43巷5號,121.6123,24.0055,嘉新社區活動中心,嘉新村,71,"水災,震災,土石流,海嘯",邱明雄,8221227,是,否,是,71,嘉新社區活動中心,6鄰嘉南一街43巷5號,高風險,500.0,<=500m,高風險,121.6123,24.005499999999994,POINT (121.6123 24.0055),POINT (312294.53245318634 2655767.6535595865),10.553095359695256,18.338164367357592,LOW,High
3113,花蓮縣花蓮市,國慶里,中山路1段500巷15號,121.5872,24.0076,花蓮港天宮,花蓮市各里,300,"水災,震災,土石流,海嘯",蘇正凱總幹事,03-8560017,是,否,是,300,花蓮港天宮,中山路1段500巷15號,高風險,500.0,<=500m,高風險,121.5872,24.007599999999996,POINT (121.5872 24.0076),POINT (309739.86280459404 2655989.3557057003),21.574915604945033,9.956553600272146,LOW,High
3119,花蓮縣花蓮市,國福里,沙基拉雅街111號,121.5819,24.0104,國福社區活動中心,國福里,35,"水災,震災,海嘯",呂啟明,03-8580837,是,否,是,35,國福社區活動中心,沙基拉雅街111號,高風險,500.0,<=500m,高風險,121.5819,24.0104,POINT (121.5819 24.0104),POINT (309199.363609438 2656297.220528631),24.863680444730065,9.956553600272146,LOW,High
3136,花蓮縣新城鄉,佳林村,民有2街29號,121.6023,24.0211,佳林社區活動中心,佳林村,36,"水災,土石流,海嘯",何禮飛,8260919,是,否,是,36,佳林社區活動中心,民有2街29號,高風險,500.0,<=500m,高風險,121.6023,24.021100000000004,POINT (121.6023 24.0211),POINT (311269.7299099078 2657490.9889473636),13.392623038899167,20.707668909513963,MEDIUM,High
3141,花蓮縣新城鄉,嘉里村,嘉里路163號,121.6074,24.0244,國軍805醫院,嘉里村,100,"水災,震災,土石流,海嘯",高志雄,03-8263151,是,否,是,100,國軍805醫院,嘉里路163號,高風險,500.0,<=500m,高風險,121.6074,24.0244,POINT (121.6074 24.0244),POINT (311786.9695270947 2657858.699035559),15.048891730401076,11.09749506434638,LOW,High
3149,花蓮縣新城鄉,大漢村,明潭街27號,121.6298,24.0271,七星潭社區活動中心,大漢村,27,"水災,土石流",李添富,8265717,是,否,是,27,七星潭社區活動中心,明潭街27號,高風險,500.0,<=500m,高風險,121.62980000000002,24.0271,POINT (121.6298 24.0271),POINT (314064.30253825954 2658167.7459540586),17.134882584964796,27.981010609269628,MEDIUM,High
3150,花蓮縣新城鄉,北埔村,北埔路13號,121.6062,24.0275,基督教芥菜種會,北埔村,41,"水災,震災,土石流,海嘯",吳雅琴,03-8260653,是,否,是,41,基督教芥菜種會,北埔路13號,高風險,500.0,<=500m,高風險,121.6062,24.0275,POINT (121.6062 24.0275),POINT (311663.4190006372 2658201.5029177503),15.91479856246956,11.09749506434638,LOW,High
3166,花蓮縣新城鄉,北埔村,北埔路259號,121.6032,24.0341,北埔社區活動中心,北埔村,35,"水災,震災,土石流,海嘯",王秋香,8269669,是,否,是,35,北埔社區活動中心,北埔路259號,高風險,500.0,<=500m,高風險,121.6032,24.0341,POINT (121.6032 24.0341),POINT (311355.11374550214 2658931.152791504),18.40573471468322,10.310758259073761,LOW,High
3173,花蓮縣新城鄉,大漢村,19鄰民有街101號,121.61,24.0368,大漢社區活動中心,大漢村,70,"水災,震災,土石流,海嘯",李添富,8265717,是,否,是,70,大漢社區活動中心,19鄰民有街101號,低風險,2000.0,1000-2000m,低風險,121.61,24.0368,POINT (121.61 24.0368),POINT (312045.5035412679 2659233.165491667),16.714987252939117,5.7570947586959935,LOW,Low
3175,花蓮縣新城鄉,大漢村,民有街2號,121.6119,24.038,復興南營區,新城村、順安村、康樂村、大漢村、北埔村,120,"水災,震災,土石流,海嘯",陳尚庭上尉,03-8269732,是,否,是,120,復興南營區,民有街2號,低風險,2000.0,1000-2000m,低風險,121.6119,24.038,POINT (121.6119 24.038),POINT (312238.1867924171 2659366.907240895),16.317907092886472,5.7570947586959935,LOW,Low
3181,花蓮縣新城鄉,大漢村,光復路572號,121.6042,24.0399,新城鄉立圖書館,北埔村、大漢村,58,"水災,震災,土石流,海嘯",黃志明,03-8261790,是,否,是,58,新城鄉立圖書館,光復路572號,中風險,1000.0,500-1000m,中風險,121.6042,24.0399,POINT (121.6042 24.0399),POINT (311454.0730368818 2659573.949878842),20.084462564208952,5.421672053536808,LOW,Medium
3182,花蓮縣新城鄉,大漢村,大安街1號,121.6048,24.0405,新城鄉原住民文化館,北埔村、康樂村,90,"水災,震災,土石流,海嘯",陳薇,03-8267223,是,否,是,90,新城鄉原住民文化館,大安街1號,中風險,1000.0,500-1000m,中風險,121.6048,24.040500000000005,POINT (121.6048 24.0405),POINT (311514.8156836415 2659640.6633134503),19.945362618556427,5.03508515548358,LOW,Medium
3183,花蓮縣新城鄉,北埔村,樹林街57巷9號,121.597687,24.040698,樹林腳社區活動中心,北埔村,39,"水災,震災,土石流,海嘯",王秋香,8269669,是,否,是,39,樹林腳社區活動中心,樹林街57巷9號,高風險,500.0,<=500m,高風險,121.597687,24.040697999999995,POINT (121.597687 24.040698),POINT (310791.23435285996 2659659.49918397),23.67974947956686,15.531398502649456,LOW,High
3205,花蓮縣新城鄉,康樂村,廣安1街112號,121.609904,24.053809,康樂社區活動中心,康樂村,30,"水災,震災,土石流,海嘯",賴明進,03-8260352,是,否,是,30,康樂社區活動中心,廣安1街112號,中風險,1000.0,500-1000m,中風險,121.609904,24.053809,POINT (121.609904 24.053809),POINT (312027.56785870856 2661116.904230814),18.581362235789395,15.250176501369083,LOW,Medium
3206,花蓮縣秀林鄉,佳民村,119號,121.5994,24.0539,佳民國小收容所,佳民村,60,"水災,震災,土石流,海嘯",總務主任黃寶賢,03-8264900,是,否,是,60,佳民國小收容所,119號,中風險,1000.0,500-1000m,中風險,121.59940000000002,24.053899999999988,POINT (121.5994 24.0539),POINT (310959.2359456849 2661122.387338184),29.34205313771202,10.3040420794735,LOW,Medium
3258,花蓮縣秀林鄉,景美村,加灣106號,121.6067,24.0825,景美活動中心,景美村,100,"水災,震災,土石流,海嘯",呂愛美,03-8267603,是,否,是,100,景美活動中心,加灣106號,高風險,1000.0,500-1000m,中風險,121.6067,24.0825,POINT (121.6067 24.0825),POINT (311687.9884578237 2664293.088344283),47.315089143748196,53.92895872911961,HIGH,Medium
3312,花蓮縣新城鄉,順安村,順安52-2號,121.621,24.1057,北三棧社區活動中心,順安村,35,"水災,震災,土石流,海嘯",黃仲祥,8611280,是,否,是,35,北三棧社區活動中心,順安52-2號,中風險,1000.0,500-1000m,中風險,121.621,24.1057,POINT (121.621 24.1057),POINT (313130.65089320065 2666868.9118628916),12.329502772462362,12.918183739701636,LOW,Medium
3355,花蓮縣新城鄉,順安村,草林158號,121.6365,24.1172,順安農宅示範中心,順安村,23,"水災,土石流,海嘯",黃仲祥,8611280,是,否,是,23,順安農宅示範中心,草林158號,低風險,,>2000m,安全,121.6365,24.1172,POINT (121.6365 24.1172),POINT (314700.63829061313 2668149.638023506),15.44749870788106,7.7393833410007815,LOW,Safe
3357,花蓮縣秀林鄉,秀林村,秀林路76號,121.6244,24.118,秀林國小收容所,秀林村,100,"水災,震災,土石流,海嘯",總務主任林正雄,03-8611393,是,否,是,100,秀林國小收容所,秀林路76號,高風險,2000.0,1000-2000m,低風險,121.62439999999998,24.117999999999995,POINT (121.6244 24.118),POINT (313470.2378958271 2668232.710234023),54.640391594274604,58.75223852100248,HIGH,Low
3378,花蓮縣新城鄉,新城村,仁愛路2巷172號,121.6497,24.1257,禪光育幼院,新城村,105,"水災,震災,土石流,海嘯",許淑媛,03-8612555,是,否,是,105,禪光育幼院,仁愛路2巷172號,低風險,2000.0,1000-2000m,低風險,121.6497,24.125699999999995,POINT (121.6497 24.1257),POINT (316038.10228614765 2669097.1984990323),16.777234698315056,16.98651789809517,LOW,Low
3387,花蓮縣新城鄉,新城村,博愛路31號,121.6513,24.1266,天主教聲遠之家,新城村,53,"水災,震災,土石流,海嘯",黃佩瑩,03-8610075,是,否,是,53,天主教聲遠之家,博愛路31號,低風險,2000.0,1000-2000m,低風險,121.65130000000002,24.1266,POINT (121.6513 24.1266),POINT (316200.2742041601 2669197.63164174),15.086209178457455,16.98651789809517,LOW,Low
3392,花蓮縣新城鄉,新城村,博愛路66號,121.6502,24.1288,新城社區活動中心,新城村,23,"水災,震災,土石流,海嘯",胡國雄,8611519,是,否,是,23,新城社區活動中心,博愛路66號,低風險,2000.0,1000-2000m,低風險,121.6502,24.1288,POINT (121.6502 24.1288),POINT (316087.3330351135 2669440.7708342853),16.8153830422079,16.98651789809517,LOW,Low
3393,花蓮縣新城鄉,新城村,新興1街62號,121.6452,24.1301,興田社區活動中心,新城村,45,"水災,震災,土石流,海嘯",胡國雄,8611519,是,否,是,45,興田社區活動中心,新興1街62號,低風險,2000.0,1000-2000m,低風險,121.6452,24.130099999999995,POINT (121.6452 24.1301),POINT (315578.4480176525 2669582.4019997),23.470336727220186,17.960988790702757,LOW,Low
3437,花蓮縣秀林鄉,富世村,97號,121.6277,24.1473,富世活動中心,富世村,100,"水災,震災,土石流,海嘯",伊虹‧比岱,03-8611829,是,否,是,100,富世活動中心,97號,極高風險,500.0,<=500m,高風險,121.6277,24.147299999999998,POINT (121.6277 24.1473),POINT (313791.1560260063 2671479.2861130643),87.57700055414277,70.42853205915141,HIGH,High
3482,花蓮縣秀林鄉,崇德村,72號,121.6524,24.162,崇德國小收容所,崇德,100,"水災,震災,土石流,海嘯",陳月華,03-8621201,是,否,是,100,崇德國小收容所,72號,高風險,2000.0,1000-2000m,低風險,121.6524,24.161999999999995,POINT (121.6524 24.162),POINT (316293.82362619386 2673118.844728229),52.220184058499484,62.16362200527847,HIGH,Low
3789,花蓮縣秀林鄉,和平村,三鄰108號,121.7483,24.3083,和平活動中心,和平村和仁,100,"水災,震災,土石流,海嘯",蔡金郎,03-8681113,是,否,是,100,和平活動中心,三鄰108號,高風險,1000.0,500-1000m,中風險,121.7483,24.3083,POINT (121.7483 24.3083),POINT (325952.2048330734 2689371.3336635334),34.33103307670613,46.29084688425774,HIGH,Medium
3805,宜蘭縣南澳鄉,南澳村,蘇花路二段301號,121.7451,24.3322,南澳高中,碧候村、金岳村、武塔村,245,"水災,震災,海嘯",江子文,03-9981024,是,否,是,245,南澳高中,蘇花路二段301號,極高風險,500.0,<=500m,高風險,121.7451,24.332200000000004,POINT (121.7451 24.3322),POINT (325613.21567696903 2692016.7077853032),91.87429145984086,63.72856341909532,HIGH,High
3810,宜蘭縣南澳鄉,金洋村,南澳鄉金洋村11號,121.7458,24.3332,金洋國小,金洋村,28,"水災,震災,海嘯",李勝雄,03-9981486,是,否,是,28,金洋國小,南澳鄉金洋村11號,高風險,1000.0,500-1000m,中風險,121.7458,24.3332,POINT (121.7458 24.3332),POINT (325683.6607183601 2692127.8468391174),116.30828480430864,63.72856341909532,HIGH,Medium
3811,宜蘭縣南澳鄉,澳花村,南澳鄉澳花村和平路48號,121.745835,24.333451,澳花和平基督長老教會,澳花村,20,"水災,震災,土石流,海嘯",黃守義,03-9985180,是,否,是,20,澳花和平基督長老教會,南澳鄉澳花村和平路48號,高風險,1000.0,500-1000m,中風險,121.745835,24.333451000000004,POINT (121.745835 24.333451),POINT (325687.0635250327 2692155.6662050155),120.87377351549802,63.72856341909532,HIGH,Medium
3869,宜蘭縣南澳鄉,武塔村,南澳鄉武塔村新溪路溫泉巷7號,121.7493,24.4259,鄉立武塔村幼兒園,武塔村,22,"水災,震災,土石流,海嘯",白健勝,03-9982665,是,否,是,22,鄉立武塔村幼兒園,南澳鄉武塔村新溪路溫泉巷7號,極高風險,500.0,<=500m,高風險,121.74930000000002,24.4259,POINT (121.7493 24.4259),POINT (325983.4248773549 2702397.110611594),140.13267483986294,72.82333040108837,HIGH,High
3882,宜蘭縣大同鄉,復興村,泰雅一路61巷5號,121.371,24.4386,南山活動中心,復興村,92,"水災,震災,土石流",曾秀月,03-9892690,是,否,是,92,南山活動中心,泰雅一路61巷5號,高風險,2000.0,1000-2000m,低風險,121.371,24.438599999999997,POINT (121.371 24.4386),POINT (287617.277348275 2703648.604207595),1550.162456570899,61.7994358872261,HIGH,Low
3888,宜蘭縣南澳鄉,金岳村,南澳鄉金岳村金岳路2號,121.7692,24.4456,金岳國小,金岳村,28,"水災,震災,海嘯",莊秀娟,03-9981636,是,否,是,28,金岳國小,南澳鄉金岳村金岳路2號,極高風險,500.0,<=500m,高風險,121.7692,24.4456,POINT (121.7692 24.4456),POINT (327989.3626456178 2704590.1433229563),111.7066649654795,71.5465007495483,HIGH,High
3889,宜蘭縣南澳鄉,武塔村,南澳鄉武塔村新溪路1號,121.777599,24.445655,武塔國小,武塔村,30,"水災,震災,海嘯",白淑淓,03-9981632,是,否,是,30,武塔國小,南澳鄉武塔村新溪路1號,極高風險,500.0,<=500m,高風險,121.777599,24.445655,POINT (121.777599 24.445655),POINT (328840.939378116 2704600.992550041),57.10975396798123,67.13902824997662,HIGH,High
3892,宜蘭縣南澳鄉,南澳村,南澳鄉南澳村中正路25號,121.7778,24.4488,南澳村辦公處,南澳村,15,"水災,震災,土石流,海嘯",松亞倫,03-9982900,是,否,是,15,南澳村辦公處,南澳鄉南澳村中正路25號,極高風險,500.0,<=500m,高風險,121.7778,24.448799999999995,POINT (121.7778 24.4488),POINT (328859.3624855169 2704949.4485035315),59.098569244283404,66.31468391365313,HIGH,High
3900,宜蘭縣蘇澳鎮,朝陽里,朝陽路40號,121.8158,24.4615,朝陽社區活動中心,朝陽里,72,"水災,震災,土石流,海嘯",蘇朝麟,03-9982068,是,否,是,72,朝陽社區活動中心,朝陽路40號,極高風險,500.0,<=500m,高風險,121.81579999999998,24.4615,POINT (121.8158 24.4615),POINT (332703.97183926014 2706378.2934041293),37.90079852765343,53.196294211804435,HIGH,High
3903,宜蘭縣蘇澳鎮,南強里,南澳路1號,121.8059,24.4635,南強社區活動中心,南強里,49,"水災,震災,土石流,海嘯",張竣喨,03-9981073,是,否,是,49,南強社區活動中心,南澳路1號,極高風險,500.0,<=500m,高風險,121.8059,24.46349999999999,POINT (121.8059 24.4635),POINT (331698.9976577109 2706593.933572633),19.354366060171145,37.01097009321211,HIGH,High
3907,宜蘭縣蘇澳鎮,南強里,南澳路85號,121.803,24.4647,蓬萊國小,南強里、朝陽里,50,"水災,震災,土石流,海嘯",王麗萍,03-9981660,是,是,是,50,蓬萊國小,南澳路85號,極高風險,500.0,<=500m,高風險,121.803,24.4647,POINT (121.803 24.4647),POINT (331404.2227427688 2706725.1373497294),24.54188873306594,39.682848921330795,HIGH,High
3909,宜蘭縣南澳鄉,南澳村,蘇花路二段381號,121.803634,24.466067,南澳鄉公所二樓,武塔村、金岳村、碧候村,30,"水災,震災,土石流,海嘯",卓瑪麗,03-9981915,是,否,是,30,南澳鄉公所二樓,蘇花路二段381號,極高風險,500.0,<=500m,高風險,121.803634,24.466066999999995,POINT (121.803634 24.466067),POINT (331467.61778590345 2706876.921027418),31.641260194778443,42.90594693292246,HIGH,High
3911,宜蘭縣南澳鄉,金洋村,南澳鄉金洋村博愛路3號,121.8006,24.4673,金洋社區活動中心,金洋村,23,"水災,震災,土石流,海嘯",范守臣,03-9981458,是,否,是,23,金洋社區活動中心,南澳鄉金洋村博愛路3號,高風險,1000.0,500-1000m,中風險,121.80060000000002,24.4673,POINT (121.8006 24.4673),POINT (331159.2453133647 2707011.705969992),49.53771708179665,48.630671734925436,HIGH,Medium
3912,宜蘭縣南澳鄉,南澳村,南澳鄉南澳村中正路15號,121.801149,24.467509,南澳國小,南澳村,75,"水災,震災,海嘯",周文明,03-9981228,是,否,是,75,南澳國小,南澳鄉南澳村中正路15號,高風險,1000.0,500-1000m,中風險,121.801149,24.467508999999996,POINT (121.801149 24.467509),POINT (331214.76743200584 2707035.1772714267),49.70515788111327,48.630671734925436,HIGH,Medium
3916,宜蘭縣南澳鄉,碧候村,南澳鄉碧候村信自覺巷38號,121.784722,24.474443,碧候國小,碧候村,43,"水災,震災,海嘯",周菊芬,03-9981634,是,否,是,43,碧候國小,南澳鄉碧候村信自覺巷38號,極高風險,500.0,<=500m,高風險,121.784722,24.474443,POINT (121.784722 24.474443),POINT (329545.0883428916 2707793.646977233),47.86651195037857,50.32891643667483,HIGH,High
3928,宜蘭縣大同鄉,,大同鄉南山村4鄰埤南巷9-1號,121.4182,24.4899,四季活動中心,南山村,88,"水災,震災,土石流",鄭重,03-9809140,是,否,否,88,四季活動中心,大同鄉南山村4鄰埤南巷9-1號,極高風險,500.0,<=500m,高風險,121.4182,24.4899,POINT (121.4182 24.4899),POINT (292385.9658691805 2709344.0158051555),827.9407087854732,65.36792698006187,HIGH,High
3938,宜蘭縣蘇澳鎮,東澳里,東澳路103號,121.8346,24.516,東澳社區活動中心,東澳里,42,"水災,震災,土石流,海嘯",嚴順明,03-9986365,是,否,是,42,東澳社區活動中心,東澳路103號,極高風險,500.0,<=500m,高風險,121.8346,24.51599999999999,POINT (121.8346 24.516),POINT (334573.51042426954 2712426.191323442),14.473380863787929,39.55787175524354,HIGH,High
3939,宜蘭縣南澳鄉,東岳村,南澳鄉東岳村蘇花路3段209號,121.832701,24.52148,東澳國小,東岳村,38,土石流,鄔誠民,03-9986217,是,否,是,38,東澳國小,南澳鄉東岳村蘇花路3段209號,極高風險,500.0,<=500m,高風險,121.832701,24.521479999999997,POINT (121.832701 24.52148),POINT (334377.40677426284 2713032.0074215354),27.228332452905356,50.93430780082555,HIGH,High
3940,宜蘭縣南澳鄉,東岳村,南澳鄉東岳村蘇花路3段139巷8弄7號1樓,121.833,24.5216,東岳村災民收容中心,東岳村,27,"水災,震災,土石流,海嘯",黃誠福,03-9986103,是,否,是,27,東岳村災民收容中心,南澳鄉東岳村蘇花路3段139巷8弄7號1樓,極高風險,500.0,<=500m,高風險,121.833,24.521600000000003,POINT (121.833 24.5216),POINT (334407.62557950936 2713045.4817220327),27.508607834228016,50.93430780082555,HIGH,High
3945,宜蘭縣大同鄉,,大同鄉四季村5鄰和勳巷2號,121.4516,24.5315,茂安活動中心,四季村,90,"水災,震災,土石流",林振形,03-9809422,是,否,是,90,茂安活動中心,大同鄉四季村5鄰和勳巷2號,極高風險,500.0,<=500m,高風險,121.4516,24.5315,POINT (121.4516 24.5315),POINT (295756.1455814092 2713962.152557235),627.1830781864707,58.913000042989715,HIGH,High
3982,宜蘭縣蘇澳鎮,南建里,學府路117號,121.8689,24.576,南安國中,南成里、南建里、南興里,82,"水災,震災,土石流,海嘯",林惠珠,03-9962749,是,是,是,82,南安國中,學府路117號,極高風險,500.0,<=500m,高風險,121.8689,24.576,POINT (121.8689 24.576),POINT (338007.57376438886 2719093.4440279454),55.491843780067654,50.258444956982196,HIGH,High
3983,宜蘭縣蘇澳鎮,永樂里,永樂路116巷6號,121.8414,24.5762,永樂社區活動中心,永樂里,74,"水災,震災,海嘯",王水龍,03-9971536,是,是,是,74,永樂社區活動中心,永樂路116巷6號,極高風險,500.0,<=500m,高風險,121.8414,24.5762,POINT (121.8414 24.5762),POINT (335221.93408849195 2719098.304716356),76.68338611980747,53.58285844491161,HIGH,High
3988,宜蘭縣蘇澳鎮,永樂里,永樂路1號,121.8461,24.5786,永樂國小,永樂里、永春里,34,"水災,震災,海嘯",吳俊德,03-9962840,是,是,是,34,永樂國小,永樂路1號,極高風險,500.0,<=500m,高風險,121.8461,24.5786,POINT (121.8461 24.5786),POINT (335696.36755569774 2719367.053108393),52.871862251904545,49.46444598683935,HIGH,High
3989,宜蘭縣蘇澳鎮,南建里,學府路122號,121.8684,24.5789,南安國小,南安里、南正里、南寧里,69,"水災,震災,土石流,海嘯",張志弘,03-9962043,是,是,是,69,南安國小,學府路122號,極高風險,500.0,<=500m,高風險,121.86839999999998,24.578900000000004,POINT (121.8684 24.5789),POINT (337954.90304215584 2719414.3400777085),27.22630753519388,49.04276993756116,HIGH,High
3992,宜蘭縣蘇澳鎮,南建里,內埤路117巷2號,121.8599,24.5794,昭安社區活動中心,南建里,51,"水災,土石流",鄭榮吉,03-9967231,是,否,是,51,昭安社區活動中心,內埤路117巷2號,高風險,1000.0,500-1000m,中風險,121.85989999999998,24.5794,POINT (121.8599 24.5794),POINT (337093.6017073067 2719464.320437378),93.8490097618882,53.518395591851814,HIGH,Medium
3993,宜蘭縣蘇澳鎮,南興里,華山七巷16之2號,121.8663,24.5798,南興社區活動中心,南興里,33,"水災,震災,土石流",王文彬,03-9961777,是,否,是,33,南興社區活動中心,華山七巷16之2號,極高風險,500.0,<=500m,高風險,121.8663,24.5798,POINT (121.8663 24.5798),POINT (337741.56925567484 2719512.6881671767),35.640306129972736,52.29111427121054,HIGH,High
3996,宜蘭縣蘇澳鎮,南寧里,南新路9號,121.8695,24.5812,南寧社區活動中心,南寧里,37,"水災,震災,土石流",陳健興,03-9952578,是,否,是,37,南寧社區活動中心,南新路9號,極高風險,500.0,<=500m,高風險,121.86950000000002,24.58120000000001,POINT (121.8695 24.5812),POINT (338064.71263065626 2719669.8001719625),11.98388977973695,53.437223352648935,HIGH,High
3997,宜蘭縣蘇澳鎮,永春里,永春路134巷11之1號,121.8454,24.5826,白米社區活動中心,永春里,40,"水災,震災,土石流,海嘯",鄒金玉,03-9965316,是,否,是,40,白米社區活動中心,永春路134巷11之1號,極高風險,500.0,<=500m,高風險,121.8454,24.582600000000003,POINT (121.8454 24.5826),POINT (335622.7458588418 2719809.671927594),51.56912112102012,49.46444598683935,HIGH,High
3998,宜蘭縣蘇澳鎮,南正里,民生路15號,121.864,24.583,南成社區活動中心,南正里,34,"水災,震災,土石流,海嘯",藍文炳,03-9967342,是,否,是,34,南成社區活動中心,民生路15號,極高風險,500.0,<=500m,高風險,121.86400000000002,24.582999999999995,POINT (121.864 24.583),POINT (337506.3828580867 2719865.669348481),47.813805429279135,54.212865586965975,HIGH,High
4002,宜蘭縣蘇澳鎮,長安里,光明路8號,121.8537,24.5923,士敏國小,長安里、永光里,55,"水災,震災,土石流,海嘯",李博文,03-9962342,是,是,是,55,士敏國小,光明路8號,極高風險,500.0,<=500m,高風險,121.8537,24.5923,POINT (121.8537 24.5923),POINT (336456.7554798306 2720889.2666576616),15.813743630760902,42.92638366359135,HIGH,High
4003,宜蘭縣蘇澳鎮,長安里,勝利路1-1號,121.8541,24.5928,長安社區活動中心,長安里,93,"水災,震災,土石流,海嘯",陳俐莉,03-9962217,是,否,是,93,長安社區活動中心,勝利路1-1號,極高風險,500.0,<=500m,高風險,121.8541,24.5928,POINT (121.8541 24.5928),POINT (336496.9230548789 2720944.899873188),14.58689955656532,42.92638366359135,HIGH,High
4004,宜蘭縣蘇澳鎮,蘇西里,志成路62號,121.8412,24.5939,蘇西社區活動中心,蘇西里,51,"水災,震災,土石流,海嘯",王清珠,03-9961912,是,是,是,51,蘇西社區活動中心,志成路62號,極高風險,500.0,<=500m,高風險,121.8412,24.593899999999994,POINT (121.8412 24.5939),POINT (335189.69980859855 2721058.695450941),20.37313554536961,44.85749629792999,HIGH,High
4005,宜蘭縣蘇澳鎮,永光里,蘇港路85號,121.8521,24.594,永光社區活動中心,永光里,114,"水災,震災,土石流,海嘯",盧育順,03-9951515,是,是,是,114,永光社區活動中心,蘇港路85號,極高風險,500.0,<=500m,高風險,121.8521,24.594,POINT (121.8521 24.594),POINT (336293.54529617715 2721076.561277208),11.381591040282029,45.681472861496864,HIGH,High
4006,宜蘭縣蘇澳鎮,蘇西里,蘇港路213號,121.8456,24.5941,蘇澳海事,蘇西里、蘇北里、蘇南里、蘇東里,132,"水災,震災,土石流,海嘯",洪重賢,03-9951661,是,是,是,132,蘇澳海事,蘇港路213號,極高風險,500.0,<=500m,高風險,121.8456,24.5941,POINT (121.8456 24.5941),POINT (335635.1801651865 2721083.578366696),17.58556634120795,47.03392512187094,HIGH,High
4008,宜蘭縣蘇澳鎮,蘇西里,蘇港路215號,121.8422,24.5944,蘇澳鎮公所,蘇澳鎮26里,70,"水災,震災,土石流,海嘯",粘栩晟,03-9973421,是,否,是,70,蘇澳鎮公所,蘇港路215號,極高風險,500.0,<=500m,高風險,121.8422,24.594400000000004,POINT (121.8422 24.5944),POINT (335290.6374124907 2721114.696531725),21.0436933276244,44.85749629792999,HIGH,High
4009,宜蘭縣蘇澳鎮,聖湖里,全祿街10號,121.8345,24.5947,聖湖社區活動中心,聖湖里,99,"水災,震災,土石流,海嘯",宋湘雲,03-9971003,是,是,是,99,聖湖社區活動中心,全祿街10號,高風險,1000.0,500-1000m,中風險,121.8345,24.594699999999992,POINT (121.8345 24.5947),POINT (334510.6109722168 2721143.1763446936),37.538779370266035,47.06090311090095,HIGH,Medium
4011,宜蘭縣蘇澳鎮,聖湖里,中山路二段1號,121.8354,24.5953,蘇澳國中,聖湖里、聖愛里、蘇西里,67,"水災,震災,土石流,海嘯",張煇志,03-9962137,是,是,是,67,蘇澳國中,中山路二段1號,極高風險,500.0,<=500m,高風險,121.8354,24.5953,POINT (121.8354 24.5953),POINT (334601.3557546692 2721210.1873431737),30.957846538611996,47.06090311090095,HIGH,High
4012,宜蘭縣蘇澳鎮,蘇東里,蘇花路5段101巷1號,121.8544,24.5956,蘇東社區活動中心,蘇東里,35,"水災,震災,土石流,海嘯",賴杰森,03-9960383,是,是,是,35,蘇東社區活動中心,蘇花路5段101巷1號,極高風險,500.0,<=500m,高風險,121.8544,24.5956,POINT (121.8544 24.5956),POINT (336525.3813722577 2721255.2273550048),9.287594306575102,46.958320272907365,HIGH,High
4013,宜蘭縣蘇澳鎮,蘇西里,中山路一段366號,121.8413,24.5967,蘇澳國小,蘇西里、蘇北里、聖愛里、聖湖里,72,"水災,震災,土石流,海嘯",陳建州,03-9962312,是,是,是,72,蘇澳國小,中山路一段366號,極高風險,500.0,<=500m,高風險,121.8413,24.5967,POINT (121.8413 24.5967),POINT (335197.9319508829 2721368.895640552),48.179167094496236,45.440645988473584,HIGH,High
4014,宜蘭縣蘇澳鎮,蘇北里,新生路8號,121.8505,24.5968,蘇北社區活動中心,蘇北里,28,"水災,土石流,海嘯",邱?欽,03-9964744,是,否,是,28,蘇北社區活動中心,新生路8號,極高風險,500.0,<=500m,高風險,121.8505,24.59679999999999,POINT (121.8505 24.5968),POINT (336129.5866256955 2721385.697970346),15.895544273686896,48.016808783556684,HIGH,High
4018,宜蘭縣蘇澳鎮,蘇南里,光復路27巷4號,121.8526,24.5971,蘇南社區活動中心,蘇南里,44,"水災,震災,土石流,海嘯",翁正誠,03-9962701,是,否,是,44,蘇南社區活動中心,光復路27巷4號,極高風險,500.0,<=500m,高風險,121.8526,24.597100000000005,POINT (121.8526 24.5971),POINT (336342.05675858917 2721420.242889685),16.28146067889078,48.016808783556684,HIGH,High
4020,宜蘭縣大同鄉,,大同鄉茂安村1鄰志航15-1號,121.5301,24.599,樂水活動中心,茂安村,99,"水災,震災,土石流",陳枝榮,03-9809653,是,否,是,99,樂水活動中心,大同鄉茂安村1鄰志航15-1號,高風險,1000.0,500-1000m,中風險,121.5301,24.599,POINT (121.5301 24.599),POINT (303681.15337098314 2721466.6432004096),331.6055774961756,61.94099567850121,HIGH,Medium
4021,宜蘭縣蘇澳鎮,龍德里,福德路177巷27號,121.8,24.6,龍德社區活動中心,龍德里,140,"震災,土石流",劉德圈,03-9909346,是,是,是,140,龍德社區活動中心,福德路177巷27號,極高風險,500.0,<=500m,高風險,121.8,24.6,POINT (121.8 24.6),POINT (331013.1984079031 2721709.4764234885),246.24657001835092,57.909447984882824,HIGH,High
4027,宜蘭縣大同鄉,寒溪村,8鄰寒溪巷5號,121.6779,24.611,寒溪活動中心,寒溪村,122,"水災,震災,土石流",簡浴沂,03-9517475,是,否,否,122,寒溪活動中心,8鄰寒溪巷5號,極高風險,500.0,<=500m,高風險,121.6779,24.611,POINT (121.6779 24.611),POINT (318642.14281138044 2722861.458680547),262.862423651559,50.59297513911213,HIGH,High
4029,宜蘭縣蘇澳鎮,岳明里,岳明新村91號,121.8502,24.6122,岳明社區活動中心,港邊里,40,"水災,震災,土石流",林玉明,02-29287551,是,否,是,40,岳明社區活動中心,岳明新村91號,高風險,2000.0,1000-2000m,低風險,121.8502,24.612200000000005,POINT (121.8502 24.6122),POINT (336088.6650720097 2723091.2755264617),8.302706969880163,40.51395268502888,HIGH,Low
4034,宜蘭縣蘇澳鎮,港邊里,嶺腳路140號,121.8531,24.6135,岳明國小,港邊里,63,"水災,震災,土石流,海嘯",黃建榮,03-9903044,是,是,是,63,岳明國小,嶺腳路140號,低風險,2000.0,1000-2000m,低風險,121.8531,24.6135,POINT (121.8531 24.6135),POINT (336381.43149588944 2723237.086963748),4.22047959484388,19.32177314218758,LOW,Low
4040,宜蘭縣蘇澳鎮,隘丁里,城中路40號,121.837,24.6158,隘丁社區活動中心,隘丁里,47,"震災,土石流,海嘯",李福全,03-9903951,是,否,是,47,隘丁社區活動中心,城中路40號,低風險,2000.0,1000-2000m,低風險,121.837,24.6158,POINT (121.837 24.6158),POINT (334749.5838625468 2723481.8284785086),6.327491062419659,6.615107518833327,LOW,Low
4044,宜蘭縣蘇澳鎮,永榮里,新馬路2號,121.8328,24.6179,文化國中,永榮里、隘丁里,61,"水災,震災,土石流,海嘯",林琦瑄,03-9903060,是,是,是,61,文化國中,新馬路2號,低風險,2000.0,1000-2000m,低風險,121.8328,24.617899999999995,POINT (121.8328 24.6179),POINT (334322.8889712795 2723711.8510207324),8.485923470039756,6.943218870897317,LOW,Low
4046,宜蘭縣蘇澳鎮,新城里,慶安路1號,121.8272,24.6204,慶安廟活動中心,新城里,42,"水災,震災,土石流,海嘯",蕭旺德,03-9903816,是,否,是,42,慶安廟活動中心,慶安路1號,中風險,1000.0,500-1000m,中風險,121.8272,24.6204,POINT (121.8272 24.6204),POINT (333754.18471999944 2723985.33840973),9.176407129467291,11.15341149497595,LOW,Medium
4048,宜蘭縣蘇澳鎮,永榮里,和平路51號,121.8362,24.6212,永榮社區活動中心,永榮里,78,"水災,震災,土石流,海嘯",陳旺德,03-9906581,是,否,是,78,永榮社區活動中心,和平路51號,低風險,2000.0,1000-2000m,低風險,121.83620000000002,24.6212,POINT (121.8362 24.6212),POINT (334664.9402264832 2724079.4609152046),5.4911230233568755,5.138124748157485,LOW,Low
4049,宜蘭縣蘇澳鎮,永榮里,大同路108號,121.8349,24.6219,馬賽國小,永榮里、新城里,63,"水災,震災,土石流,海嘯",盧聰賢,03-9902694,是,是,是,63,馬賽國小,大同路108號,低風險,2000.0,1000-2000m,低風險,121.83490000000002,24.6219,POINT (121.8349 24.6219),POINT (334532.8388368121 2724156.1958824885),5.8023673472964035,6.878039564264918,LOW,Low
4050,宜蘭縣蘇澳鎮,頂寮里,頂寮路2號,121.838037,24.623428,頂寮文教活動中心,頂寮里,170,"水災,震災,土石流",蘇長盛,03-9901786,是,是,是,170,頂寮文教活動中心,頂寮路2號,中風險,1000.0,500-1000m,中風險,121.838037,24.623428,POINT (121.838037 24.623428),POINT (334849.4405290334 2724327.375406151),3.769135303590693,5.138124748157485,LOW,Medium
4053,宜蘭縣蘇澳鎮,永榮里,思村路9號,121.832,24.6249,福德社區活動中心,永榮里,60,"震災,土石流",林森豪,03-9908208,是,否,是,60,福德社區活動中心,思村路9號,中風險,1000.0,500-1000m,中風險,121.832,24.6249,POINT (121.832 24.6249),POINT (334237.19237973064 2724486.7079166924),5.556777158481378,12.219295283546096,LOW,Medium
4054,宜蘭縣冬山鄉,大興村,振安路5號2樓,121.8106,24.6253,大興社區活動中心,大興村,50,"水災,震災",黃昭郎,03-9596529,是,否,是,50,大興社區活動中心,振安路5號2樓,中風險,1000.0,500-1000m,中風險,121.81059999999998,24.625300000000003,POINT (121.8106 24.6253),POINT (332070.15711388824 2724518.070739518),10.61328907470781,6.0841365384687505,LOW,Medium
4056,宜蘭縣蘇澳鎮,存仁里,存仁路199之1號,121.8419,24.6262,存仁社區活動中心,存仁里,55,土石流,許金鴻,03-9901977,是,是,是,55,存仁社區活動中心,存仁路199之1號,中風險,1000.0,500-1000m,中風險,121.8419,24.6262,POINT (121.8419 24.6262),POINT (335238.699414167 2724636.802865266),2.1524273327787817,7.577465002455615,LOW,Medium
4058,宜蘭縣冬山鄉,香和村,香和路138巷24號,121.7975,24.6276,香和社區活動中心,香和村,56,水災,黃壬申,03-9592508,是,否,否,56,香和社區活動中心,香和路138巷24號,中風險,1000.0,500-1000m,中風險,121.7975,24.627600000000005,POINT (121.7975 24.6276),POINT (330742.2976368476 2724765.069952214),6.538205915148713,6.153882984096452,LOW,Medium
4060,宜蘭縣冬山鄉,東城村,東城路280號,121.8063,24.6297,東城社區活動中心,東城村,107,水災,黃萬金,03-9592036,是,否,是,107,東城社區活動中心,東城路280號,低風險,2000.0,1000-2000m,低風險,121.8063,24.6297,POINT (121.8063 24.6297),POINT (331631.92137056385 2725002.870203873),7.7868740554976865,7.486926407201828,LOW,Low
4062,宜蘭縣大同鄉,,大同鄉樂水村5鄰碼崙46號,121.6064,24.6318,復興活動中心,樂水村,92,"水災,震災,土石流",曾秀月,03-9801419,是,否,否,92,復興活動中心,大同鄉樂水村5鄰碼崙46號,極高風險,500.0,<=500m,高風險,121.6064,24.6318,POINT (121.6064 24.6318),POINT (311391.91788964043 2725131.4782567522),227.10785247569777,57.11902635187812,HIGH,High
4065,宜蘭縣冬山鄉,太和村,太和路248號,121.7734,24.6327,太和社區活動中心,太和村,98,"水災,震災",黃崇澤,03-9592096,是,否,是,98,太和社區活動中心,太和路248號,極高風險,500.0,<=500m,高風險,121.7734,24.632699999999996,POINT (121.7734 24.6327),POINT (328299.0340059989 2725316.020787194),4.95692346873313,38.18148636428914,HIGH,High
4066,宜蘭縣冬山鄉,大進村,大進九路50號,121.7121,24.6332,大進社區活動中心,大進村,135,水災,藍榮宗,03-9511430,是,否,是,135,大進社區活動中心,大進九路50號,高風險,1000.0,500-1000m,中風險,121.71210000000002,24.6332,POINT (121.7121 24.6332),POINT (322092.5146487447 2725337.8666433683),96.69312559912957,43.56221192572572,HIGH,Medium
4067,宜蘭縣冬山鄉,冬山村,冬山路98之2號,121.7938,24.6333,南興社區活動中心,南興村,85,"水災,震災",黃騰誼,03-9595831,是,否,否,85,南興社區活動中心,冬山路98之2號,高風險,500.0,<=500m,高風險,121.7938,24.63329999999999,POINT (121.7938 24.6333),POINT (330364.03241071105 2725394.2528843773),4.386132652502583,7.950771774098854,LOW,High
4069,宜蘭縣冬山鄉,安平村,安平路23號,121.7893,24.6346,安平社區活動中心,安平村,52,"水災,震災",陳文德,922530221,是,否,否,52,安平社區活動中心,安平路23號,高風險,500.0,<=500m,高風險,121.78929999999998,24.6346,POINT (121.7893 24.6346),POINT (329907.60813849367 2725535.621539598),3.5549949027483865,11.21995184675679,LOW,High
4071,宜蘭縣冬山鄉,冬山村,中正路20號,121.7903,24.6359,冬山社區活動中心,冬山村,46,"水災,震災",黃秋菊,03-9592467,是,否,否,46,冬山社區活動中心,中正路20號,高風險,500.0,<=500m,高風險,121.7903,24.635899999999992,POINT (121.7903 24.6359),POINT (330008.0229770288 2725680.195631753),3.415046016368558,16.694605630250095,LOW,High
4072,宜蘭縣冬山鄉,八寶村,八寶路29號,121.7675,24.638,八寶社區活動中心,八寶村,65,"水災,震災",林炳楠,03-9586457,是,否,否,65,八寶社區活動中心,八寶路29號,極高風險,500.0,<=500m,高風險,121.7675,24.638,POINT (121.7675 24.638),POINT (327698.4161897655 2725899.7162726633),6.6070660491265585,31.63949228250881,HIGH,High
4075,宜蘭縣蘇澳鎮,龍德里,福德路134號,121.833,24.6402,育英國小,龍德里,80,"水災,震災,土石流",李明怡,03-9901294,是,是,是,80,育英國小,福德路134號,中風險,1000.0,500-1000m,中風險,121.833,24.6402,POINT (121.833 24.6402),POINT (334328.17373643315 2726182.0110852816),4.219167521099757,5.036598551717627,LOW,Medium
4077,宜蘭縣冬山鄉,丸山村,港尾路98號,121.7662,24.6425,丸山社區活動中心,丸山村、中山村,154,"水災,震災",江清鴻,03-9580750,是,否,是,154,丸山社區活動中心,港尾路98號,極高風險,500.0,<=500m,高風險,121.7662,24.6425,POINT (121.7662 24.6425),POINT (327564.02548750123 2726397.415332456),9.13291688320407,40.469672038597764,HIGH,High
4078,宜蘭縣冬山鄉,珍珠村,富農路1段383巷50號,121.7942,24.6434,珍珠社區活動中心,珍珠村,54,"水災,震災",林坤煌,39581118,是,否,是,54,珍珠社區活動中心,富農路1段383巷50號,高風險,500.0,<=500m,高風險,121.7942,24.6434,POINT (121.7942 24.6434),POINT (330398.06489223614 2726513.1976049338),1.8513680442087561,14.965117852865133,LOW,High
4079,宜蘭縣冬山鄉,三奇村,成興路812號,121.814,24.6435,三奇社區活動中心,三奇村,40,震災,謝見忠,03-9591532,是,否,是,40,三奇社區活動中心,成興路812號,低風險,2000.0,1000-2000m,低風險,121.814,24.6435,POINT (121.814 24.6435),POINT (332402.47066664253 2726536.0045963773),1.306644568990105,5.115000553022049,LOW,Low
4080,宜蘭縣冬山鄉,補城村,建進2路29號,121.8023,24.6436,補城社區活動中心,補城村,41,震災,陳振仁,03-9509029,是,否,否,41,補城社區活動中心,建進2路29號,中風險,1000.0,500-1000m,中風險,121.80230000000002,24.6436,POINT (121.8023 24.6436),POINT (331217.9457930093 2726540.1142988796),1.9100613161715916,3.4960937590757535,LOW,Medium
4081,宜蘭縣冬山鄉,得安村,下湖路398號,121.7529,24.6447,梅花社區活動中心,得安村,78,水災,陳世英,03-9510556,是,否,是,78,梅花社區活動中心,下湖路398號,高風險,500.0,<=500m,高風險,121.7529,24.6447,POINT (121.7529 24.6447),POINT (326216.2521116519 2726633.6507380307),14.98727552744807,7.2935354323196115,LOW,High
4082,宜蘭縣五結鄉,成興村,蘇澳鎮頂寮路20巷2號,121.8327,24.6447,成興社區老人活動中心,成興村,121,"水災,震災",張添祥,03-9501752,是,否,是,121,成興社區老人活動中心,蘇澳鎮頂寮路20巷2號,低風險,2000.0,1000-2000m,低風險,121.8327,24.644700000000004,POINT (121.8327 24.6447),POINT (334294.7814121273 2726680.265899283),4.864196018852586,5.107612773863286,LOW,Low
4091,宜蘭縣五結鄉,成興村,利成路一段185號,121.8263,24.6532,成興村老人福利中心,成興村、利澤村、季新村,539,"水災,震災",張金發,03-9502182,是,否,是,539,成興村老人福利中心,利成路一段185號,低風險,2000.0,1000-2000m,低風險,121.8263,24.653199999999995,POINT (121.8263 24.6532),POINT (333641.21231593797 2727617.8497066745),2.989005105218337,6.941814946840419,LOW,Low
4092,宜蘭縣冬山鄉,順安村,義成路2段378巷87號,121.7647,24.6533,順安社區活動中心,順安村,222,"水災,震災",李明增,03-9581476,是,否,是,222,順安社區活動中心,義成路2段378巷87號,中風險,1000.0,500-1000m,中風險,121.76470000000002,24.6533,POINT (121.7647 24.6533),POINT (327405.51269037044 2727592.810584793),8.876336728066814,7.424903044737974,LOW,Medium
4096,宜蘭縣冬山鄉,永美村,永興路1段189號,121.771,24.6555,永美社區活動中心,永美村,30,"水災,震災",何長順,03-9584461,是,否,是,30,永美社區活動中心,永興路1段189號,低風險,2000.0,1000-2000m,低風險,121.771,24.6555,POINT (121.771 24.6555),POINT (328041.87717940804 2727840.0550074754),6.168193447675285,5.1026021854528025,LOW,Low
4097,宜蘭縣大同鄉,,大同鄉松羅村南巷81-10號,121.5789,24.6556,松羅活動中心,松羅村,86,"水災,震災,土石流",洪明文,03-9801173,是,否,是,86,松羅活動中心,大同鄉松羅村南巷81-10號,極高風險,500.0,<=500m,高風險,121.5789,24.6556,POINT (121.5789 24.6556),POINT (308596.648761315 2727755.5688640913),219.94394155110345,57.87146792611905,HIGH,High
4099,宜蘭縣冬山鄉,鹿埔村,鹿埔路490號,121.7506,24.6557,鹿埔社區活動中心,鹿埔村,154,"水災,震災",陳鏗芳,03-9582212,是,否,是,154,鹿埔社區活動中心,鹿埔路490號,低風險,2000.0,1000-2000m,低風險,121.75060000000002,24.655699999999992,POINT (121.7506 24.6557),POINT (325976.75623274024 2727850.768339458),21.079790605831437,5.6786097502028445,LOW,Low
4107,宜蘭縣冬山鄉,武淵村,富農路2段325號,121.7976,24.6606,武淵社區活動中心,武淵村,108,震災,林新來,03-9507347,是,否,是,108,武淵社區活動中心,富農路2段325號,高風險,500.0,<=500m,高風險,121.7976,24.660599999999995,POINT (121.7976 24.6606),POINT (330731.2038476685 2728420.327069108),1.7341176472061202,10.373256774062686,LOW,High
4108,宜蘭縣三星鄉,員山村,泰雅一路203巷清水66號,121.6229,24.6608,員山社區臨時收容站,員山、天山、天福、人和,38,"水災,震災,土石流,海嘯",林進興,03-9894502,是,否,是,38,員山社區臨時收容站,泰雅一路203巷清水66號,高風險,1000.0,500-1000m,中風險,121.62290000000002,24.6608,POINT (121.6229 24.6608),POINT (313047.8571203379 2728351.012802167),131.93920147916185,48.12730641554267,HIGH,Medium
4112,宜蘭縣三星鄉,大義村,上將路3段375巷31號,121.6103,24.6634,大義社區臨時收容站,大義、大洲、尚武、萬富,106,"水災,土石流,海嘯",鄭坤宗,03-9890992,是,否,是,106,大義社區臨時收容站,上將路3段375巷31號,極高風險,500.0,<=500m,高風險,121.6103,24.663399999999992,POINT (121.6103 24.6634),POINT (311771.2152238016 2728633.264270302),143.8308142043252,62.446820194182806,HIGH,High
4114,宜蘭縣冬山鄉,清溝村,光明路51號,121.7611,24.6643,清溝社區活動中心,清溝村,85,"水災,震災",張建成,03-9588921,是,否,否,85,清溝社區活動中心,光明路51號,低風險,,>2000m,安全,121.7611,24.6643,POINT (121.7611 24.6643),POINT (327034.34152384347 2728809.181319113),11.83058015323474,6.1239485514944905,LOW,Safe
4115,宜蘭縣五結鄉,利澤村,下福路156號,121.8238,24.6649,利澤社區活動中心,利澤村,141,"水災,震災",陳朝彬,03-9503031,是,否,是,141,利澤社區活動中心,下福路156號,高風險,500.0,<=500m,高風險,121.82380000000002,24.6649,POINT (121.8238 24.6649),POINT (333380.3667954424 2728912.2715251213),2.414151332572537,7.699862088661053,LOW,High
4116,宜蘭縣三星鄉,集慶村,集義路168號,121.6538,24.6654,二次收容 三星鄉公所臨時辦公處原三星社區,集慶村、月眉村、義德村,148,"水災,土石流,海嘯",林孟君,03-9894358,是,否,是,148,二次收容 三星鄉公所臨時辦公處原三星社區,集義路168號,極高風險,500.0,<=500m,高風險,121.6538,24.6654,POINT (121.6538 24.6654),POINT (316173.1127450291 2728875.056076337),88.32719896666858,41.401477047611905,HIGH,High
4117,宜蘭縣三星鄉,月眉村,月眉街54號,121.6538,24.6654,三星國中臨時收容站,月眉、集慶、拱照,500,"水災,土石流,海嘯",陳靜波,03-9891747,是,否,是,500,三星國中臨時收容站,月眉街54號,極高風險,500.0,<=500m,高風險,121.6538,24.6654,POINT (121.6538 24.6654),POINT (316173.1127450291 2728875.056076337),88.32719896666858,41.401477047611905,HIGH,High
4119,宜蘭縣三星鄉,大洲村,五分路2段180號,121.6507,24.6663,大洲多功能館臨時收容站,大洲、尾塹、尚武,78,"水災,震災,土石流,海嘯",陳春基,03-9560726,是,否,是,78,大洲多功能館臨時收容站,五分路2段180號,低風險,1000.0,500-1000m,中風險,121.6507,24.6663,POINT (121.6507 24.6663),POINT (315858.8708379155 2728973.2507735533),92.1845579659019,5.969974566501964,LOW,Medium
4120,宜蘭縣羅東鎮,,羅東鎮新群里月眉路300號,121.7922,24.6673,新群社區活動中心,新群里,114,震災,李淑芬,03-9506763張文哲,是,否,是,114,新群社區活動中心,羅東鎮新群里月眉路300號,低風險,2000.0,1000-2000m,低風險,121.7922,24.667299999999997,POINT (121.7922 24.6673),POINT (330180.32345875946 2729159.280111001),2.0539117065359678,5.205679800407441,LOW,Low
4121,宜蘭縣冬山鄉,群英村,冬山路5段51號,121.7735,24.6674,群英社區活動中心,群英村,64,震災,黃泰齡,03-9582580,是,否,是,64,群英社區活動中心,冬山路5段51號,低風險,,>2000m,安全,121.7735,24.6674,POINT (121.7735 24.6674),POINT (328287.516100747 2729159.562663502),4.598426169074794,6.773646477958949,LOW,Safe
4122,宜蘭縣羅東鎮,,羅東鎮西安里西安街468號,121.7544,24.6675,維安社區活動中心,西安里 維揚里,170,"水災,震災,海嘯",魏炎輝,03-9513336,是,否,是,170,維安社區活動中心,羅東鎮西安里西安街468號,低風險,2000.0,1000-2000m,低風險,121.7544,24.6675,POINT (121.7544 24.6675),POINT (326354.2309510624 2729159.8804959496),16.231400125295945,6.1239485514944905,LOW,Low
4125,宜蘭縣三星鄉,天山村,福山街119號,121.6391,24.6681,憲明國小臨時收容站,天山、天福、員山、人和,42,"水災,震災,土石流,海嘯",鄭玉寅,03-9891423,是,否,否,42,憲明國小臨時收容站,福山街119號,低風險,1000.0,500-1000m,中風險,121.6391,24.6681,POINT (121.6391 24.6681),POINT (314683.8472678468 2729167.1059310753),106.76254598656479,4.449995024511833,LOW,Medium
4126,宜蘭縣三星鄉,義德村,三星路5段86號,121.6538,24.6685,三星國小臨時收容站,義德、集慶、人和,339,"水災,震災,土石流,海嘯",曾運玉,03-9891042,是,否,是,339,三星國小臨時收容站,三星路5段86號,低風險,1000.0,500-1000m,中風險,121.6538,24.6685,POINT (121.6538 24.6685),POINT (316171.47749028925 2729218.4170578197),87.62840730940705,5.106089266535923,LOW,Medium
4127,宜蘭縣羅東鎮,南昌里,站前南路1號,121.7725,24.669,第三公園管理站南昌社區活動中心,南昌里 南豪里 成功里,133,"水災,震災,海嘯",林丞溱,03-9541185,是,否,是,133,第三公園管理站南昌社區活動中心,站前南路1號,低風險,,>2000m,安全,121.7725,24.669,POINT (121.7725 24.669),POINT (328185.3027131968 2729336.2143166093),5.136984701424229,6.773646477958949,LOW,Safe
4128,宜蘭縣冬山鄉,廣興村,永興路2段916號,121.7492,24.6691,廣興社區活動中心,廣興村,101,"水災,震災",游智慧,03-9510031,是,否,是,101,廣興社區活動中心,永興路2段916號,中風險,1000.0,500-1000m,中風險,121.7492,24.669100000000004,POINT (121.7492 24.6691),POINT (325826.94226825994 2729334.2190430374),19.57201834726285,4.971579115394187,LOW,Medium
4129,宜蘭縣羅東鎮,,興東南路100號,121.7687,24.6707,成功國小體育館,南昌里 成功里 南豪里 羅莊里 新群里,228,,魏碧卿,03-9542156128,否,否,否,228,成功國小體育館,興東南路100號,低風險,,>2000m,安全,121.7687,24.6707,POINT (121.7687 24.6707),POINT (327799.6321906224 2729522.353024007),6.748938243081218,7.063360087254321,LOW,Safe
4130,宜蘭縣三星鄉,雙賢村,三星路6段2巷22號,121.7147,24.6708,雙義社區社區二次收容,義德、雙賢、人和,53,"水災,震災,土石流,海嘯",曾運玉,03-9891042,是,否,是,53,雙義社區社區二次收容,三星路6段2巷22號,中風險,1000.0,500-1000m,中風險,121.7147,24.6708,POINT (121.7147 24.6708),POINT (322334.0762575419 2729503.8957752576),34.386493118153716,7.483227022674407,LOW,Medium
4131,宜蘭縣冬山鄉,廣安村,廣安路195號,121.7457,24.6709,廣安社區活動中心,廣安村,61,"水災,震災",馬金榮,03-9515031,是,否,是,61,廣安社區活動中心,廣安路195號,中風險,1000.0,500-1000m,中風險,121.7457,24.6709,POINT (121.7457 24.6709),POINT (325471.6090744337 2729531.663618978),21.743743644240915,9.046136667940408,LOW,Medium
4132,宜蘭縣羅東鎮,羅莊里,羅莊街357號,121.7797,24.6716,羅莊社區活動中心,羅莊里,122,"水災,震災,海嘯",賴雲木,03-9506616,是,否,是,122,羅莊社區活動中心,羅莊街357號,低風險,,>2000m,安全,121.77970000000002,24.6716,POINT (121.7797 24.6716),POINT (328912.41360035766 2729628.3200841844),4.096964922300376,7.881355342117546,LOW,Safe
4133,宜蘭縣羅東鎮,開明里,清潭路146號2樓,121.7709,24.6725,阿束社社區活動中心,開明里,28,"水災,震災,海嘯",莊添鐘,03-9542525,是,否,是,28,阿束社社區活動中心,清潭路146號2樓,低風險,,>2000m,安全,121.7709,24.6725,POINT (121.7709 24.6725),POINT (328021.18177643954 2729722.976174709),6.314597354630325,8.317546014136566,LOW,Safe
4134,宜蘭縣羅東鎮,開明里,清潭路146號2樓,121.7709,24.6725,仁和社區活動中心,仁和里,28,"水災,震災,海嘯",陳圳茂,03-9565033,是,否,是,28,仁和社區活動中心,清潭路146號2樓,低風險,,>2000m,安全,121.7709,24.6725,POINT (121.7709 24.6725),POINT (328021.18177643954 2729722.976174709),6.314597354630325,8.317546014136566,LOW,Safe
4136,宜蘭縣羅東鎮,集祥里,公園路13號,121.7682,24.6733,第二公園管理站羅東鎮老人館,集祥里,99,"水災,震災,海嘯",林姿妙,03-9545102,是,否,是,99,第二公園管理站羅東鎮老人館,公園路13號,低風險,,>2000m,安全,121.7682,24.6733,POINT (121.7682 24.6733),POINT (327747.4136729386 2729810.054751421),7.276680248332363,7.063360087254321,LOW,Safe
4137,宜蘭縣羅東鎮,,羅東鎮忠義巷92之1號,121.7663,24.6736,仁德社區活動中心,仁德里,98,"水災,震災,海嘯",林啟東,03-9546412,是,否,是,98,仁德社區活動中心,羅東鎮忠義巷92之1號,低風險,,>2000m,安全,121.76630000000002,24.67359999999999,POINT (121.7663 24.6736),POINT (327554.9268230764 2729842.2087620148),7.948393680440231,7.063360087254321,LOW,Safe
4138,宜蘭縣羅東鎮,,羅東鎮漢民里純精路一段219號,121.7635,24.6737,漢民社區活動中心,漢民里,201,"水災,震災,海嘯",蔡德昌,03-9563167,是,否,是,201,漢民社區活動中心,羅東鎮漢民里純精路一段219號,低風險,2000.0,1000-2000m,低風險,121.7635,24.673699999999997,POINT (121.7635 24.6737),POINT (327271.47456972994 2729851.7056886517),9.039379453125466,7.063360087254321,LOW,Low
4139,宜蘭縣羅東鎮,,羅東鎮東安里天祥路171號,121.7766,24.6745,東安社區活動中心,東安里,289,"水災,震災,海嘯",李錫欽,03-9569985,是,否,是,289,東安社區活動中心,羅東鎮東安里天祥路171號,低風險,,>2000m,安全,121.7766,24.674499999999995,POINT (121.7766 24.6745),POINT (328596.8364695754 2729947.7558092256),5.168147963042162,8.544307450874943,LOW,Safe
4142,宜蘭縣羅東鎮,,北成路一段125號,121.7586,24.6756,北成國小自強館,北成里 維揚里 西安里,319,,鍾月秋,03-9512626,否,否,否,319,北成國小自強館,北成路一段125號,低風險,2000.0,1000-2000m,低風險,121.7586,24.6756,POINT (121.7586 24.6756),POINT (326774.37836160546 2730059.405996491),10.615888666692623,5.11065238094543,LOW,Low
4143,宜蘭縣三星鄉,天福村,福山街30-1號,121.6565,24.6758,天送埤社區二次收容,天山、天福、員山、人和,53,"水災,震災,土石流,海嘯",羅慶文,03-9892188,是,否,是,53,天送埤社區二次收容,福山街30-1號,低風險,2000.0,1000-2000m,低風險,121.6565,24.6758,POINT (121.6565 24.6758),POINT (316440.8864556738 2730028.2818683344),83.02322260668622,5.1409039803698064,LOW,Low
4144,宜蘭縣羅東鎮,,忠孝路48號,121.7649,24.676,聖安宮,本鎮災害發生區域之鎮民提供災民住宿,400,"水災,震災,海嘯",謝義光,03-9544021/9541715,是,否,是,400,聖安宮,忠孝路48號,低風險,2000.0,1000-2000m,低風險,121.7649,24.675999999999995,POINT (121.7649 24.676),POINT (327411.7498646099 2730107.2506485083),8.160940515976844,5.406451270962008,LOW,Low
4145,宜蘭縣羅東鎮,大新里,中正路128號2樓,121.7714,24.676,大新社區活動中心,大新里,54,"水災,震災,海嘯",郭月嬌,9543906,是,否,是,54,大新社區活動中心,中正路128號2樓,低風險,,>2000m,安全,121.7714,24.676,POINT (121.7714 24.676),POINT (328069.6087148281 2730110.932997315),6.484256720796931,8.544307450874943,LOW,Safe
4148,宜蘭縣冬山鄉,柯林村,光華路209號,121.7298,24.6765,柯林社區活動中心,柯林村,54,水災,陳文生,03-9517220,是,否,是,54,柯林社區活動中心,光華路209號,中風險,1000.0,500-1000m,中風險,121.7298,24.6765,POINT (121.7298 24.6765),POINT (323859.0287058853 2730143.285978826),25.047147953267,3.8339673945152377,LOW,Medium
4149,宜蘭縣羅東鎮,,羅東鎮中興路1號,121.7669,24.6765,羅東鎮展演廳,中山里、賢文里,510,"水災,震災,海嘯",林姿妙,03-9545102轉253,是,否,是,510,羅東鎮展演廳,羅東鎮中興路1號,低風險,,>2000m,安全,121.76690000000002,24.6765,POINT (121.7669 24.6765),POINT (327613.85840603174 2730163.762119566),7.462559917154269,5.406451270962008,LOW,Safe
4150,宜蘭縣五結鄉,季新村,季新村季水路北巷6-1號,121.8317,24.6766,季新社區活動中心,季新村,110,"水災,震災",張文政,03-9370451,是,否,否,110,季新社區活動中心,季新村季水路北巷6-1號,中風險,1000.0,500-1000m,中風險,121.8317,24.6766,POINT (121.8317 24.6766),POINT (334172.1440285598 2730213.0384018463),3.4188244273037705,13.020421111341816,LOW,Medium
4152,宜蘭縣羅東鎮,,國華街101號,121.7608,24.6767,國華國中自強館,仁德里 國華里 漢民里,306,,游贊薰,03-513062303,否,否,否,306,國華國中自強館,國華街101號,低風險,2000.0,1000-2000m,低風險,121.76080000000002,24.6767,POINT (121.7608 24.6767),POINT (326996.36323080026 2730182.4783591283),9.353931666271594,5.044112697669176,LOW,Low
4153,宜蘭縣羅東鎮,北成里,北成路二段57巷6號,121.7527,24.6789,北成社區活動中心,北成里 國華里,210,"水災,震災,海嘯",張鐸川,03-9611090,是,否,是,210,北成社區活動中心,北成路二段57巷6號,中風險,1000.0,500-1000m,中風險,121.7527,24.678899999999995,POINT (121.7527 24.6789),POINT (326175.23925298627 2730421.6368773156),12.247766449280018,12.26525566043716,LOW,Medium
4154,宜蘭縣三星鄉,大洲村,大洲原路17號,121.6759,24.6791,大洲社區二次收容,大洲、尾塹、大義,63,"水災,震災,土石流,海嘯",陳春基,03-9560726,是,否,是,63,大洲社區二次收容,大洲原路17號,高風險,500.0,<=500m,高風險,121.6759,24.679099999999995,POINT (121.6759 24.6791),POINT (318402.5162235412 2730403.32814223),61.08306987087438,6.6817931830585335,LOW,High
4155,宜蘭縣羅東鎮,,公正路199號,121.7667,24.6793,公正國小體育館,大新里 賢文里 仁和里 中山里 開明里,1309,,林勇志,03-9566659,是,是,否,1309,公正國小體育館,公正路199號,低風險,2000.0,1000-2000m,低風險,121.7667,24.6793,POINT (121.7667 24.6793),POINT (327591.8838430858 2730473.786928666),7.009047857612797,5.406451270962008,LOW,Low
4156,宜蘭縣五結鄉,季新村,新店路99號,121.8178,24.6797,新店社區活動中心,季新村,77,"水災,震災",張文政,03-9370451,是,否,是,77,新店社區活動中心,新店路99號,高風險,500.0,<=500m,高風險,121.8178,24.679699999999997,POINT (121.8178 24.6797),POINT (332763.28582099115 2730547.953073867),0.5598009197842929,9.237418723073143,LOW,High
4157,宜蘭縣大同鄉,,大同鄉崙埤村朝陽10-8號,121.6007,24.6804,崙埤活動中心,崙埤村,74,"水災,震災,土石流",洪明文,03-9801174,是,否,是,74,崙埤活動中心,大同鄉崙埤村朝陽10-8號,高風險,1000.0,500-1000m,中風險,121.60070000000002,24.680399999999995,POINT (121.6007 24.6804),POINT (310791.29172838095 2730511.9151194547),264.92145547260156,52.85217373285428,HIGH,Medium
4161,宜蘭縣羅東鎮,,中華路99號,121.7683,24.6825,羅東國中自強館,信義里 公正里 東安里 集祥里,277,,陳俊宏,03-9542075,否,否,否,277,羅東國中自強館,中華路99號,低風險,2000.0,1000-2000m,低風險,121.7683,24.6825,POINT (121.7683 24.6825),POINT (327751.8293041968 2730829.1362325232),6.415932886116869,3.528642962561135,LOW,Low
4163,宜蘭縣羅東鎮,樹林里,文林路130號,121.7614,24.6833,第五公園管理站樹林社區活動中心,樹林里,146,震災,黃再興,9540605,是,否,是,146,第五公園管理站樹林社區活動中心,文林路130號,低風險,2000.0,1000-2000m,低風險,121.7614,24.683299999999992,POINT (121.7614 24.6833),POINT (327053.03163141856 2730913.854134495),7.464371498486468,14.701441393149366,LOW,Low
4164,宜蘭縣羅東鎮,信義里,中華路189號,121.7686,24.6835,第一公園管理站信義社區活動中心,信義里 公正里,153,震災,盧業聲,03-9550025,是,否,是,153,第一公園管理站信義社區活動中心,中華路189號,低風險,2000.0,1000-2000m,低風險,121.76860000000002,24.68349999999999,POINT (121.7686 24.6835),POINT (327781.5699222629 2730940.069933726),6.320276635592101,3.528642962561135,LOW,Low
4169,宜蘭縣三星鄉,行健村,行健三路2段13號,121.7041,24.6844,行健社區二次收容,行健、大隱、拱照,148,"水災,震災,土石流,海嘯",張文章,03-9895115,是,否,是,148,行健社區二次收容,行健三路2段13號,中風險,1000.0,500-1000m,中風險,121.7041,24.6844,POINT (121.7041 24.6844),POINT (321253.49589981243 2731004.72120042),33.60404589808717,5.924681844536935,LOW,Medium
4170,宜蘭縣五結鄉,五結村,五結路二段343號,121.7984,24.6847,五結鄉公所,五結村,153,"水災,震災",簡松樹,03-9501115,是,否,是,153,五結鄉公所,五結路二段343號,低風險,,>2000m,安全,121.79840000000002,24.684700000000003,POINT (121.7984 24.6847),POINT (330796.65292107116 2731090.210418831),2.6494336748457683,7.06054141283256,LOW,Safe
4172,宜蘭縣五結鄉,五結村,五結中路12號3樓,121.7979,24.6852,五結社區活動中心,五結,84,"水災,震災",洪銘鎮,03-9602799,是,否,是,84,五結社區活動中心,五結中路12號3樓,低風險,,>2000m,安全,121.7979,24.6852,POINT (121.7979 24.6852),POINT (330745.72955206555 2731145.298110551),2.7584681950604337,7.06054141283256,LOW,Safe
4177,宜蘭縣五結鄉,福興村,興盛北路182巷16號,121.7798,24.6865,正勉堂,福興村,154,"水災,震災",廖明國,03-9505792,是,否,否,154,正勉堂,興盛北路182巷16號,低風險,,>2000m,安全,121.7798,24.68649999999999,POINT (121.7798 24.6865),POINT (328913.15570576064 2731278.757932426),4.353845763864021,5.8792478408938935,LOW,Safe
4183,宜蘭縣五結鄉,四結村,光榮北路198號,121.7739,24.6873,四結社區活動中心,上四、四結、中興村,93,"水災,震災",陳鋕淮,03-9550146,是,否,是,93,四結社區活動中心,光榮北路198號,低風險,,>2000m,安全,121.7739,24.6873,POINT (121.7739 24.6873),POINT (328315.5715917356 2731363.9875975857),5.320428569462835,6.544149148039076,LOW,Safe
4186,宜蘭縣羅東鎮,竹林里,復興路二段122號,121.7658,24.6883,竹林社區活動中心,竹林里,148,"水災,震災,海嘯",黃德勝,03-9563328,是,否,是,148,竹林社區活動中心,復興路二段122號,低風險,2000.0,1000-2000m,低風險,121.76579999999998,24.6883,POINT (121.7658 24.6883),POINT (327495.23357423564 2731470.1507763816),6.472935784239774,4.011420776217996,LOW,Low
4187,宜蘭縣五結鄉,協和村,五結路2段199號,121.8045,24.6883,協和社區活動中心,協和村,161,"水災,震災",謝錫琴,03-9506695,是,否,是,161,協和社區活動中心,五結路2段199號,低風險,2000.0,1000-2000m,低風險,121.80450000000002,24.688299999999995,POINT (121.8045 24.6883),POINT (331411.64995084004 2731492.5685116393),2.154275545658166,6.230089565451009,LOW,Low
4188,宜蘭縣羅東鎮,,復興路二段128號,121.7661,24.6887,竹林國小體育館,竹林里 仁愛里 樹林里,357,震災,盧紹彬,03-954208433,是,是,是,357,竹林國小體育館,復興路二段128號,低風險,2000.0,1000-2000m,低風險,121.7661,24.6887,POINT (121.7661 24.6887),POINT (327525.3458461212 2731514.62578034),6.4349618358466465,4.011420776217996,LOW,Low
4200,宜蘭縣三星鄉,大隱村,三星路1段533巷48號,121.7274,24.6929,大隱社區臨時收容站,大隱、行健、拱照,123,"水災,震災,土石流,海嘯",范期勛,03-9890752,是,否,是,123,大隱社區臨時收容站,三星路1段533巷48號,高風險,500.0,<=500m,高風險,121.7274,24.6929,POINT (121.7274 24.6929),POINT (323606.49777492316 2731958.509376219),17.275150737655242,6.334923495516026,LOW,High
4201,宜蘭縣五結鄉,錦眾村,五結路一段120號,121.828,24.6929,八大庄一百甲城煌廟,錦眾村,51,"水災,震災",林錫金,03-9503065,是,否,是,51,八大庄一百甲城煌廟,五結路一段120號,高風險,500.0,<=500m,高風險,121.828,24.692899999999995,POINT (121.828 24.6929),POINT (333786.771451629 2732016.2388067427),0.9460408150513029,10.388774530334707,LOW,High
4203,宜蘭縣三星鄉,萬德村,楓林九路61號,121.7282,24.6931,萬德社區二次收容,萬富、行健、萬德、貴林,48,"水災,震災,土石流,海嘯",陳長森,03-9895360,是,否,是,48,萬德社區二次收容,楓林九路61號,高風險,500.0,<=500m,高風險,121.7282,24.6931,POINT (121.7282 24.6931),POINT (323687.33598655823 2731981.0916187824),16.868463509419914,8.782188458280643,LOW,High
4204,宜蘭縣三星鄉,萬富村,7鄰萬富路59-2號,121.7282,24.6931,萬富社區臨時收容站,萬富、行健、萬德、貴林,63,"水災,震災,土石流,海嘯",羅惠恩,03-9892864,是,否,是,63,萬富社區臨時收容站,7鄰萬富路59-2號,高風險,500.0,<=500m,高風險,121.7282,24.6931,POINT (121.7282 24.6931),POINT (323687.33598655823 2731981.0916187824),16.868463509419914,8.782188458280643,LOW,High
4211,宜蘭縣五結鄉,孝威村,孝威路322號,121.8117,24.6961,孝威社區活動中心,孝威村,168,"水災,震災",吳明吉,03-9504299,是,否,是,168,孝威社區活動中心,孝威路322號,中風險,1000.0,500-1000m,中風險,121.81170000000002,24.6961,POINT (121.8117 24.6961),POINT (332135.17483689415 2732360.8245580466),0.9775114737570757,3.9904040902469093,LOW,Medium
4213,宜蘭縣五結鄉,大吉村,大吉五路58號,121.8002,24.6963,五結國中五動館,大吉村,465,"水災,震災",余源興,03-9501105#13,是,否,是,465,五結國中五動館,大吉五路58號,低風險,2000.0,1000-2000m,低風險,121.8002,24.6963,POINT (121.8002 24.6963),POINT (330971.32121412986 2732376.137712445),2.644489796064338,4.9950569108385015,LOW,Low
4216,宜蘭縣五結鄉,孝威村,孝威路322號,121.7652,24.6974,四結福德廟,孝威村,106,"水災,震災",高志肇,03-650428,是,否,否,106,四結福德廟,孝威路322號,低風險,2000.0,1000-2000m,低風險,121.76519999999998,24.6974,POINT (121.7652 24.6974),POINT (327428.8902235175 2732477.761877292),6.646327879382592,4.011191949324857,LOW,Low
4220,宜蘭縣五結鄉,三興村,三結東路14號,121.7867,24.6994,開基灶君廟省民堂,三興村,32,"水災,震災",鐘文通,03-9506868,是,否,否,32,開基灶君廟省民堂,三結東路14號,低風險,2000.0,1000-2000m,低風險,121.78669999999998,24.699399999999997,POINT (121.7867 24.6994),POINT (329603.24487627676 2732711.601925638),4.268871872019805,5.821837944507917,LOW,Low
4225,宜蘭縣羅東鎮,,羅東鎮仁愛里復興路三段557號,121.756,24.7014,仁愛社區活動中心,仁愛里,174,"水災,震災,海嘯",藍聰明,03-9654034,是,否,是,174,仁愛社區活動中心,羅東鎮仁愛里復興路三段557號,高風險,500.0,<=500m,高風險,121.756,24.7014,POINT (121.756 24.7014),POINT (326495.4840845565 2732915.6525528426),7.3683945012262715,12.853292121213457,LOW,High
4232,宜蘭縣五結鄉,三興村,三結路43-1號,121.7739,24.7056,三興社區活動中心,三興村,83,"水災,震災",羅淑惠,03-9500714,是,否,否,83,三興社區活動中心,三結路43-1號,中風險,1000.0,500-1000m,中風險,121.7739,24.705600000000004,POINT (121.7739 24.7056),POINT (328304.1318007633 2733390.967559341),5.453889744935321,8.360930601200373,LOW,Medium
4239,宜蘭縣員山鄉,中華村,粗坑路304號,121.646633,24.709398,中華村集會所,中華村、內城村,11,"水災,震災,土石流,海嘯",陳明華,03-9231377,是,否,是,11,中華村集會所,粗坑路304號,極高風險,500.0,<=500m,高風險,121.64663299999998,24.709398,POINT (121.646633 24.709398),POINT (315424.7258160466 2733744.9181754813),96.83509690559846,59.157456844616625,HIGH,High
4240,宜蘭縣五結鄉,二結村,學進路83號,121.762,24.7095,二結社區活動中心,二結、鎮安村,170,"水災,震災",簡汝育,03-9659413,是,否,是,170,二結社區活動中心,學進路83號,高風險,500.0,<=500m,高風險,121.762,24.70949999999999,POINT (121.762 24.7095),POINT (327097.62712119066 2733816.200975948),6.1528083534415705,12.132734186240775,LOW,High
4241,宜蘭縣員山鄉,中華村,員山路三段256號,121.652657,24.71129,內城國民中小學化育分校,中華村,180,"水災,震災,土石流,海嘯",林東宏,9231103,否,否,否,180,內城國民中小學化育分校,員山路三段256號,極高風險,500.0,<=500m,高風險,121.65265700000002,24.71129,POINT (121.652657 24.71129),POINT (316033.23847410333 2733957.3692935673),104.83238652845478,64.71506059330413,HIGH,High
4242,宜蘭縣員山鄉,蓁巷村,成功路45號,121.695581,24.713572,蓁巷社區活動中心,蓁巷村、內城村,64,"水災,震災,土石流,海嘯",黃振芳,03-9221099,是,否,是,64,蓁巷社區活動中心,成功路45號,低風險,2000.0,1000-2000m,低風險,121.695581,24.713572000000003,POINT (121.695581 24.713572),POINT (320374.9705391479 2734231.4926002068),33.43862248732119,5.090114718027672,LOW,Low
4244,宜蘭縣員山鄉,七賢村,賢德路一段61巷25號,121.735106,24.714634,七賢村民眾活動中心,七賢村、深溝村,78,"水災,震災,土石流,海嘯",高明芳,03-9224019,是,否,是,78,七賢村民眾活動中心,賢德路一段61巷25號,中風險,1000.0,500-1000m,中風險,121.735106,24.714634000000004,POINT (121.735106 24.714634),POINT (324373.39641206735 2734369.99885377),10.55577823516675,12.312127730386646,LOW,Medium
4245,宜蘭縣員山鄉,深溝村,深洲一路37巷7號,121.71978,24.715727,深溝村集會所,深溝村、七賢村,10,"水災,震災,土石流,海嘯",張秀偉,03-9224567,是,否,是,10,深溝村集會所,深洲一路37巷7號,高風險,500.0,<=500m,高風險,121.71978,24.715727,POINT (121.71978 24.715727),POINT (322822.11831542663 2734482.831427673),16.459933670199646,5.207901691890888,LOW,High
4248,宜蘭縣員山鄉,內城村,榮光路321號,121.688913,24.720881,內城社區活動中心,內城村.蓁巷村,34,"水災,震災,土石流,海嘯",簡裕鴻,03-9227578,是,否,是,34,內城社區活動中心,榮光路321號,高風險,500.0,<=500m,高風險,121.688913,24.720880999999995,POINT (121.688913 24.720881),POINT (319696.2480324594 2735037.650327943),34.119556570879425,8.269641025853945,LOW,High
4253,宜蘭縣宜蘭市,建業里,縣政七街50巷1號,121.757,24.7256,凱旋國民中學樂活館,建業里、南津里,164,"水災,震災,海嘯",陳志勇校長/李哲榮主任,03-9255600轉402,是,否,是,164,凱旋國民中學樂活館,縣政七街50巷1號,高風險,500.0,<=500m,高風險,121.757,24.725600000000004,POINT (121.757 24.7256),POINT (326581.86524099193 2735596.697121811),6.0915043355250225,12.920519184554983,LOW,High
4254,宜蘭縣宜蘭市,南津里,凱旋路130號,121.7636,24.7256,凱旋國小展藝館,南津里、凱旋里,277,"水災,震災,海嘯",李元煌主任,03-9253793-104,是,否,是,277,凱旋國小展藝館,凱旋路130號,中風險,1000.0,500-1000m,中風險,121.7636,24.7256,POINT (121.7636 24.7256),POINT (327249.57966296107 2735600.4034062554),5.121069055932867,8.872421600771776,LOW,Medium
4256,宜蘭縣宜蘭市,凱旋里,旋流路3之5號,121.7682,24.7276,凱旋社區活動中心,凱旋里,64,"水災,震災,海嘯",張換輝,03-9254187,是,否,是,64,凱旋社區活動中心,旋流路3之5號,低風險,2000.0,1000-2000m,低風險,121.7682,24.727599999999992,POINT (121.7682 24.7276),POINT (327713.7143132965 2735824.5341494493),3.3264964267048334,5.076213954458506,LOW,Low
4259,宜蘭縣壯圍鄉,新南村,壯圍鄉新南村美福路一段76號,121.7873,24.7294,新南活動中心,新南,44,"水災,震災,海嘯",潘玉蘭,03-9252449,是,否,是,44,新南活動中心,壯圍鄉新南村美福路一段76號,低風險,2000.0,1000-2000m,低風險,121.7873,24.729399999999995,POINT (121.7873 24.7294),POINT (329644.86754948104 2736034.8831302063),1.3265173116218973,7.143903082182421,LOW,Low
4260,宜蘭縣壯圍鄉,復興村,壯圍鄉復興村紅葉路69-4號,121.8225,24.7297,紅葉活動中心,復興村,61,"水災,震災,海嘯",黃銘海,03-9385121,是,否,是,61,紅葉活動中心,壯圍鄉復興村紅葉路69-4號,中風險,1000.0,500-1000m,中風險,121.82250000000002,24.7297,POINT (121.8225 24.7297),POINT (333205.7281845454 2736089.041780843),3.205490700178972,11.462110123776847,LOW,Medium
4261,宜蘭縣宜蘭市,南橋里,南橋路240號,121.7412,24.7307,南橋社區活動中心,南橋里,38,"水災,震災,海嘯",吳讚標,03-9251512,是,否,是,38,南橋社區活動中心,南橋路240號,中風險,1000.0,500-1000m,中風險,121.7412,24.73069999999999,POINT (121.7412 24.7307),POINT (324980.3429905984 2736152.8508416764),6.940797549327702,3.1644437866493864,LOW,Medium
4262,宜蘭縣宜蘭市,建業里,建業路86巷57號、59號,121.7566,24.7315,建業社區活動中心,建業里,26,"水災,震災,海嘯",郭淑惠,03-9369029,是,否,是,26,建業社區活動中心,建業路86巷57號、59號,中風險,1000.0,500-1000m,中風險,121.7566,24.7315,POINT (121.7566 24.7315),POINT (326537.78754304757 2736249.9817531565),5.008692543706319,6.255257351673656,LOW,Medium
4263,宜蘭縣員山鄉,惠好村,賢德路二段66巷50號,121.730742,24.731738,惠好社區活動中心,尚德村、惠好村,125,"水災,震災,土石流,海嘯",張金來,03-9223889,是,否,是,125,惠好社區活動中心,賢德路二段66巷50號,低風險,2000.0,1000-2000m,低風險,121.73074200000002,24.731738,POINT (121.730742 24.731738),POINT (323921.75262461277 2736262.1379051865),10.189658159625774,4.683708143841641,LOW,Low
4266,宜蘭縣宜蘭市,進士里,進士路8號,121.7369,24.7332,育才國小中興堂,進士里、南橋里、擺厘里,68,"水災,震災,海嘯",廖清章主任,03-9253794轉103,是,否,是,68,育才國小中興堂,進士路8號,中風險,1000.0,500-1000m,中風險,121.73690000000002,24.7332,POINT (121.7369 24.7332),POINT (324543.8459593382 2736427.4128621058),7.330367718215373,5.605088683627392,LOW,Medium
4272,宜蘭縣員山鄉,湖北村,大湖五路80號,121.718042,24.735298,湖北社區活動中心,湖北村.湖東村,30,"水災,震災,土石流,海嘯",黃涼杰,03-9231482,是,否,是,30,湖北社區活動中心,大湖五路80號,高風險,500.0,<=500m,高風險,121.718042,24.735298,POINT (121.718042 24.735298),POINT (322634.91039349494 2736649.6600030675),12.907237498645996,10.64526768069922,LOW,High
4275,宜蘭縣壯圍鄉,永鎮村,壯圍鄉永鎮村壯濱路四段375號,121.8154,24.7366,永鎮活動中心,永鎮村,118,"水災,震災,海嘯",陳再福,03-9305020,是,否,是,118,永鎮活動中心,壯圍鄉永鎮村壯濱路四段375號,中風險,1000.0,500-1000m,中風險,121.8154,24.736600000000006,POINT (121.8154 24.7366),POINT (332482.89517364325 2736849.0263737105),1.8249387131410293,8.01413382795681,LOW,Medium
4277,宜蘭縣員山鄉,尚德村,三鬮路35巷13號,121.722128,24.737618,尚德社區活動中心,尚德村、惠好村,134,"水災,震災,土石流,海嘯",林錦源,03-9225179,是,否,是,134,尚德社區活動中心,三鬮路35巷13號,高風險,500.0,<=500m,高風險,121.722128,24.737618000000005,POINT (121.722128 24.737618),POINT (323046.89650217775 2736908.80545288),12.204267544275869,5.794852278594319,LOW,High
4278,宜蘭縣員山鄉,逸仙村,大湖十六路181巷2號,121.700435,24.738714,逸仙社區活動中心,逸仙村.湖東村,34,"水災,震災,土石流,海嘯",廖文杰,03-9221759,是,否,是,34,逸仙社區活動中心,大湖十六路181巷2號,中風險,1000.0,500-1000m,中風險,121.700435,24.738714,POINT (121.700435 24.738714),POINT (320851.84621715563 2737018.801660578),16.32658834282054,3.7239277107534443,LOW,Medium
4282,宜蘭縣宜蘭市,進士里,進士路53號,121.7465,24.7414,進士里鎮興廟,進士里,46,"水災,震災,海嘯",陳正達陳定三,03-9359123,是,否,否,46,進士里鎮興廟,進士路53號,低風險,2000.0,1000-2000m,低風險,121.7465,24.741399999999995,POINT (121.7465 24.7414),POINT (325510.0530226467 2737340.93843141),4.879365728517323,6.112388585320791,LOW,Low
4285,宜蘭縣宜蘭市,黎明里,黎明路481巷11號,121.7712,24.7427,黎明里慶安廟,黎明里,30,"水災,震災,海嘯",林庚申,03-9380436,是,否,是,30,黎明里慶安廟,黎明路481巷11號,低風險,2000.0,1000-2000m,低風險,121.7712,24.742700000000003,POINT (121.7712 24.7427),POINT (328007.79613921413 2737498.7829123964),3.3472537020750956,3.4998288932518555,LOW,Low
4286,宜蘭縣宜蘭市,黎明里,黎明路326號,121.776,24.744,黎明社區活動中心,黎明里,35,"水災,震災,海嘯",朱照雄,03-9383053,是,否,是,35,黎明社區活動中心,黎明路326號,低風險,2000.0,1000-2000m,低風險,121.776,24.744,POINT (121.776 24.744),POINT (328492.52487984026 2737645.5210002507),2.7937480893322304,3.4767689515225677,LOW,Low
4287,宜蘭縣壯圍鄉,吉祥村,壯圍鄉吉祥村壯五路63號,121.789598,24.744488,壯五活動中心,吉祥,163,"水災,震災,海嘯",王建發,975675928,是,否,是,163,壯五活動中心,壯圍鄉吉祥村壯五路63號,中風險,1000.0,500-1000m,中風險,121.789598,24.744488,POINT (121.789598 24.744488),POINT (329867.7094238173 2737707.440687267),2.4213021322402684,2.4726948867817033,LOW,Medium
4288,宜蘭縣員山鄉,員山村,文化路156號,121.722886,24.745244,老人文康中心,員山村.尚德村,28,"水災,震災,土石流,海嘯",朱進郎,9231991分機401,是,否,是,28,老人文康中心,文化路156號,極高風險,500.0,<=500m,高風險,121.722886,24.745244,POINT (121.722886 24.745244),POINT (323119.1141761926 2737753.8943892135),11.014176898451183,42.21638957798431,HIGH,High
4289,宜蘭縣宜蘭市,思源里,神農路一段1號,121.7481,24.7453,國立宜蘭大學體育館,思源里、文化里、復興里、七結里、擺厘里,375,"水災,震災,海嘯",張進裕,03-9317240,是,否,是,375,國立宜蘭大學體育館,神農路一段1號,低風險,2000.0,1000-2000m,低風險,121.7481,24.7453,POINT (121.7481 24.7453),POINT (325669.5415144708 2737773.8022727156),5.073999999861681,6.204035404887879,LOW,Low
4291,宜蘭縣員山鄉,湖東村,茄苳路68-2號,121.708869,24.746017,湖東社區活動中心,湖東村.湖北村,13,"水災,震災,土石流,海嘯",陳朝松,9223998,是,否,是,13,湖東社區活動中心,茄苳路68-2號,極高風險,500.0,<=500m,高風險,121.70886900000002,24.746016999999995,POINT (121.708869 24.746017),POINT (321700.81900314835 2737832.0989262923),11.795352405620182,45.789524300335486,HIGH,High
4292,宜蘭縣壯圍鄉,吉祥村,壯圍鄉壯志路1號,121.785768,24.746835,壯圍鄉公所,全鄉,190,"水災,震災,海嘯",簡文魁,03-9383017,是,否,是,190,壯圍鄉公所,壯圍鄉壯志路1號,高風險,500.0,<=500m,高風險,121.78576800000002,24.746835,POINT (121.785768 24.746835),POINT (329478.7971535352 2737965.1762825972),3.0614249238238287,12.22097702379496,LOW,High
4293,宜蘭縣壯圍鄉,大福村,壯圍鄉大福村壯濱路6段279號,121.7858,24.7469,大福補天宮,全鄉,600,"水災,震災,海嘯",陳福山,03-9301171,是,否,是,600,大福補天宮,壯圍鄉大福村壯濱路6段279號,高風險,500.0,<=500m,高風險,121.7858,24.7469,POINT (121.7858 24.7469),POINT (329481.9926823513 2737972.394583141),3.0600561513306386,12.22097702379496,LOW,High
4294,宜蘭縣宜蘭市,思源里,泰山路七結巷9之10號,121.7374,24.7482,思源社區活動中心,思源里、七結里,35,"水災,震災,海嘯",郭燈和羅文輝,03-9324589,是,否,是,35,思源社區活動中心,泰山路七結巷9之10號,中風險,1000.0,500-1000m,中風險,121.73739999999998,24.7482,POINT (121.7374 24.7482),POINT (324585.47755306226 2738089.1446251064),8.073124365218431,3.8648009490922033,LOW,Medium
4295,宜蘭縣員山鄉,湖西村,隘界路131號,121.68547,24.748286,雙湖社區活動中心,湖西村.湖北村,78,"水災,震災,土石流,海嘯",游錦淡,9222491,是,否,是,78,雙湖社區活動中心,隘界路131號,極高風險,500.0,<=500m,高風險,121.68547,24.748286,POINT (121.68547 24.748286),POINT (319332.71856427914 2738071.3647484593),32.98946084423201,44.54442998199175,HIGH,High
4298,宜蘭縣宜蘭市,,女中路一段148號,121.766,24.7488,三聖宮,新東里,85,"水災,震災,海嘯",李漢銘,03-9385065,是,否,是,85,三聖宮,女中路一段148號,低風險,2000.0,1000-2000m,低風險,121.76600000000002,24.7488,POINT (121.766 24.7488),POINT (327478.007976999 2738171.492942564),4.540439230550663,3.703876750216814,LOW,Low
4299,宜蘭縣宜蘭市,文化里,復興路二段77號,121.7476,24.7489,復興國中群育館,文化里、復興里,212,"水災,震災,海嘯",游淑珣校長,03-9322942分機5033,是,否,否,212,復興國中群育館,復興路二段77號,低風險,2000.0,1000-2000m,低風險,121.7476,24.748899999999995,POINT (121.7476 24.7489),POINT (325616.78700634127 2738172.277139861),5.8278163224458694,5.8682259281953515,LOW,Low
4300,宜蘭縣員山鄉,永和村,溫泉路62-1號,121.711078,24.749471,永和社區活動中心,永和村.頭分村,96,"水災,震災,土石流,海嘯",阮俊義,39226129,是,否,是,96,永和社區活動中心,溫泉路62-1號,極高風險,500.0,<=500m,高風險,121.711078,24.749471,POINT (121.711078 24.749471),POINT (321922.275109597 2738215.835622019),16.587375134138522,45.789524300335486,HIGH,High
4302,宜蘭縣宜蘭市,延平里,東港路二巷14弄21號,121.7838,24.7504,五大社區活動中心,延平里,38,"水災,震災,海嘯",李江俊,03-9380765,是,否,是,38,五大社區活動中心,東港路二巷14弄21號,高風險,500.0,<=500m,高風險,121.7838,24.7504,POINT (121.7838 24.7504),POINT (329277.4683482474 2738358.911535457),3.5218816977925123,12.22097702379496,LOW,High
4303,宜蘭縣宜蘭市,東村里,女中路一段100號,121.7669,24.7505,中華國中,東村里、新東里,420,"水災,震災,海嘯",林志全校長/事務組長林小筠,03-9382704,是,否,是,420,中華國中,女中路一段100號,低風險,2000.0,1000-2000m,低風險,121.76690000000002,24.750499999999995,POINT (121.7669 24.7505),POINT (327567.9879013193 2738360.302581229),4.652264830037373,3.703876750216814,LOW,Low
4304,宜蘭縣宜蘭市,建軍里,復興路三段8號,121.7428,24.7511,國立宜蘭高中體育館,延平里、建軍里、泰山里,237,"水災,震災,海嘯",張家豪主任,03-9324153轉100,是,否,是,237,國立宜蘭高中體育館,復興路三段8號,中風險,1000.0,500-1000m,中風險,121.74280000000002,24.7511,POINT (121.7428 24.7511),POINT (325129.94543094607 2738413.3145802105),7.449501272740255,4.611150934998606,LOW,Medium
4305,宜蘭縣壯圍鄉,美城村,壯圍鄉美城村永美路2段121號,121.8017,24.7513,美城活動中心,美城,155,"水災,震災,海嘯",林文達,03-9307656,是,否,是,155,美城活動中心,壯圍鄉美城村永美路2段121號,高風險,500.0,<=500m,高風險,121.8017,24.7513,POINT (121.8017 24.7513),POINT (331087.4566232297 2738469.089008787),2.3545241687664853,9.651524930203774,LOW,High
4306,宜蘭縣宜蘭市,,校舍路1號,121.7643,24.7517,黎明國小體育館,新東里、東村里,108,"水災,震災,海嘯",顏禾主任,03-9383792分機104或114,是,否,是,108,黎明國小體育館,校舍路1號,低風險,2000.0,1000-2000m,低風險,121.76430000000002,24.7517,POINT (121.7643 24.7517),POINT (327304.2586798938 2738491.7487292048),4.981505104838585,5.514346500396517,LOW,Low
4307,宜蘭縣宜蘭市,神農里,民權路一段65號,121.7539,24.7526,社福大樓2樓,神農里、大新里、民權里,56,"水災,震災,海嘯",黃美色,03-9325164,是,否,是,56,社福大樓2樓,民權路一段65號,低風險,2000.0,1000-2000m,低風險,121.75390000000002,24.7526,POINT (121.7539 24.7526),POINT (326251.77324067254 2738585.6011567274),6.035782763934877,3.8922727052686317,LOW,Low
4308,宜蘭縣宜蘭市,神農里,崇聖街2號,121.7547,24.7532,宜蘭國小活動中心,神農里、大新里、新民里,286,"水災,震災,海嘯",施 智文校長,03-9322210轉511,是,否,是,286,宜蘭國小活動中心,崇聖街2號,低風險,2000.0,1000-2000m,低風險,121.7547,24.7532,POINT (121.7547 24.7532),POINT (326332.3242151836 2738652.505873088),6.083962360937016,3.8922727052686317,LOW,Low
4309,宜蘭縣宜蘭市,神農里,中山路二段293號295號,121.7526,24.7534,東嶽廟,神農里、大新里,350,"水災,震災,海嘯",林添福,03-9322590,是,否,是,350,東嶽廟,中山路二段293號295號,中風險,1000.0,500-1000m,中風險,121.75260000000002,24.753399999999992,POINT (121.7526 24.7534),POINT (326119.7948981825 2738673.4888329394),6.328024562086029,3.0690050598521217,LOW,Medium
4310,宜蘭縣宜蘭市,負郭里,泰山路98號,121.7426,24.754,南屏國小活動中心,南門里、負郭里、建軍里、泰山里,231,"水災,震災,海嘯",張培源主任,03-9323795轉1104,是,否,是,231,南屏國小活動中心,泰山路98號,高風險,500.0,<=500m,高風險,121.74259999999998,24.754,POINT (121.7426 24.754),POINT (325107.9725993605 2738734.4210291724),7.482094800678841,9.451921254702667,LOW,High
4311,宜蘭縣宜蘭市,神農里,崇聖街4號,121.7546,24.754,中山國小五育館,神農里、大新里、新民里、東門里,65,"水災,震災,海嘯",張至文,03-9322064-105,是,否,是,65,中山國小五育館,崇聖街4號,低風險,2000.0,1000-2000m,低風險,121.7546,24.754,POINT (121.7546 24.754),POINT (326321.72088571417 2738741.061637049),6.282617587497142,3.8922727052686317,LOW,Low
4312,宜蘭縣宜蘭市,負郭里,泰山路60號,121.747,24.7545,光復國小五育館,西門里、南門里、負郭里、民族里,284,"水災,震災,海嘯",吳志堅校長,03-9322077轉1833,是,否,否,284,光復國小五育館,泰山路60號,高風險,500.0,<=500m,高風險,121.747,24.7545,POINT (121.747 24.7545),POINT (325552.7110260164 2738792.225715582),7.144389615539132,9.451921254702667,LOW,High
4313,宜蘭縣宜蘭市,,延平路50號,121.7655,24.7549,國立宜蘭高商四維堂,成功里、慈安里、中興里、延平里,283,"水災,震災,海嘯",申天祺,03-9384147轉510,是,否,是,283,國立宜蘭高商四維堂,延平路50號,中風險,1000.0,500-1000m,中風險,121.7655,24.754899999999992,POINT (121.7655 24.7549),POINT (327423.6530755139 2738846.8739704806),5.0539336772597565,4.050356191903274,LOW,Medium
4315,宜蘭縣壯圍鄉,美福村,壯圍鄉美福村美福路3段92巷6號,121.791,24.7569,美福活動中心,美福,60,"水災,震災,海嘯",潘文益,03-9256618,是,否,是,60,美福活動中心,壯圍鄉美福村美福路3段92巷6號,中風險,1000.0,500-1000m,中風險,121.791,24.7569,POINT (121.791 24.7569),POINT (330001.5804653312 2739083.074879793),3.041040824019179,7.12845663027115,LOW,Medium
4318,宜蘭縣宜蘭市,中山里,城隍街52號,121.7511,24.7593,碧霞宮,中山里,48,"水災,震災,海嘯",黃彩堂,03-9323655,是,否,是,48,碧霞宮,城隍街52號,高風險,500.0,<=500m,高風險,121.7511,24.7593,POINT (121.7511 24.7593),POINT (325964.4878428183 2739326.165229204),7.006207245110613,8.258909324526966,LOW,High
4319,宜蘭縣壯圍鄉,過嶺村,壯圍鄉過村壯濱路3段295號,121.815365,24.759471,過嶺活動中心,過嶺村,66,"水災,震災,海嘯",林萬固,03-9301160,是,否,是,66,過嶺活動中心,壯圍鄉過村壯濱路3段295號,低風險,,>2000m,安全,121.815365,24.759471000000005,POINT (121.815365 24.759471),POINT (332464.26148284326 2739382.320918921),3.5761737219811125,15.686029330315076,LOW,Safe
4320,宜蘭縣員山鄉,頭分村,永同路2段186之1號,121.719624,24.759721,結頭份社區活動中心,頭分村.永和村,52,"水災,震災,土石流,海嘯",陳聰文,03-9223108,是,否,是,52,結頭份社區活動中心,永同路2段186之1號,中風險,1000.0,500-1000m,中風險,121.719624,24.759720999999995,POINT (121.719624 24.759721),POINT (322780.7220801243 2739355.6839196226),18.273068290481024,7.609571921574858,LOW,Medium
4321,宜蘭縣宜蘭市,梅洲里,鎮平路98號,121.7442,24.7608,梅洲里鎮平宮,梅洲里,35,"水災,震災,海嘯",林征儀,03-9283036,是,否,是,35,梅洲里鎮平宮,鎮平路98號,高風險,500.0,<=500m,高風險,121.7442,24.7608,POINT (121.7442 24.7608),POINT (325265.7084141561 2739488.4976590653),6.824653057662808,9.451921254702667,LOW,High
4322,宜蘭縣宜蘭市,菜園里,宜蘭市新興路111號,121.7575,24.7608,東園社區活動中心,慈安里、東門里、小東里、菜園里、中興里,44,"水災,震災,海嘯",徐佳庭,03-9320883,是,否,否,44,東園社區活動中心,宜蘭市新興路111號,高風險,500.0,<=500m,高風險,121.7575,24.7608,POINT (121.7575 24.7608),POINT (326610.87331106886 2739495.8812905564),6.3870035748227085,10.341346871387183,LOW,High
4323,宜蘭縣宜蘭市,中山里,同慶街95號,121.7506,24.7617,宜蘭縣社會福利館多功能劇場,中山里,32,"水災,震災,海嘯",楊秀川,03-9328822-341,是,否,否,32,宜蘭縣社會福利館多功能劇場,同慶街95號,高風險,500.0,<=500m,高風險,121.75060000000002,24.761700000000005,POINT (121.7506 24.7617),POINT (325912.45845799596 2739591.722387758),6.8831214994479994,9.458449341750772,LOW,High
4324,宜蘭縣員山鄉,同樂村,同新路182號,121.729673,24.762017,同樂社區活動中心,同樂村.枕山村,94,"水災,震災,土石流,海嘯",吳鋌欽,03-9224573,是,否,是,94,同樂社區活動中心,同新路182號,高風險,500.0,<=500m,高風險,121.72967300000002,24.762017,POINT (121.729673 24.762017),POINT (323795.72843323677 2739615.3822821714),12.887683674997213,13.455094205624135,LOW,High
4325,宜蘭縣宜蘭市,北門里,碧霞街136號,121.7524,24.7622,慶和社區活動中心1樓,北門里,45,"水災,震災,海嘯",陳淑美,03-9367075,是,否,是,45,慶和社區活動中心1樓,碧霞街136號,高風險,500.0,<=500m,高風險,121.7524,24.7622,POINT (121.7524 24.7622),POINT (326094.20492043195 2739648.1048284303),6.8193115726044935,9.458449341750772,LOW,High
4326,宜蘭縣宜蘭市,北門里,慶和街慶和巷16號,121.7518,24.7626,慶和里慶和廟,北門里,4,"水災,震災,海嘯",陳漢榮,03-9362905,是,否,是,4,慶和里慶和廟,慶和街慶和巷16號,高風險,500.0,<=500m,高風險,121.7518,24.7626,POINT (121.7518 24.7626),POINT (326033.2779410786 2739692.076970388),6.791414754202651,9.458449341750772,LOW,High
4327,宜蘭縣宜蘭市,梅洲里,金同春路48號1樓,121.7443,24.7631,梅洲社區活動中心,梅洲里,86,"水災,震災,海嘯",游西湖,03-9283552,是,否,是,86,梅洲社區活動中心,金同春路48號1樓,高風險,500.0,<=500m,高風險,121.7443,24.7631,POINT (121.7443 24.7631),POINT (325274.4361944905 2739743.3107759),6.777869519108297,9.193105233263147,LOW,High
4328,宜蘭縣宜蘭市,孝廉里,力行路１５２號,121.755,24.7638,力行國小英才館,孝廉里,148,"水災,震災,海嘯",石遠謀,03-9322309轉282,是,否,是,148,力行國小英才館,力行路１５２號,高風險,500.0,<=500m,高風險,121.755,24.7638,POINT (121.755 24.7638),POINT (326356.18841012544 2739826.7771114926),6.55631122077264,14.56229679941965,LOW,High
4329,宜蘭縣宜蘭市,小東里,樹人路37號,121.75,24.7639,宜蘭國中活動中心,小東里、菜園里、孝廉里、北門里、思源里,356,"水災,震災,海嘯",康興國/王秀雨,03-9322519,是,否,否,356,宜蘭國中活動中心,樹人路37號,高風險,500.0,<=500m,高風險,121.75,24.7639,POINT (121.75 24.7639),POINT (325850.438609288 2739835.071410798),6.726476287063684,9.458449341750772,LOW,High
4330,宜蘭縣宜蘭市,七張里,七張路62之11號,121.7752,24.764,七張社區活動中心,七張里,140,"水災,震災,海嘯",楊聰明,03-9305306,是,否,是,140,七張社區活動中心,七張路62之11號,高風險,500.0,<=500m,高風險,121.7752,24.764,POINT (121.7752 24.764),POINT (328399.05056708446 2739860.3582373704),4.213588293122598,13.615750530603046,LOW,High
4332,宜蘭縣宜蘭市,新生里,大福路1段243號,121.7642,24.7646,新生社區活動中心,新生里,35,"水災,震災,海嘯",黃正來,910096762,是,否,否,35,新生社區活動中心,大福路1段243號,高風險,500.0,<=500m,高風險,121.7642,24.764600000000005,POINT (121.7642 24.7646),POINT (327286.1621783179 2739920.556382033),5.1012985628281085,14.203497572253532,LOW,High
4334,宜蘭縣宜蘭市,七張里,七張路539號,121.7695,24.7648,七張里慈雲寺,七張里,25,"水災,震災,海嘯",林金獅,03-9302180,否,是,是,25,七張里慈雲寺,七張路539號,高風險,500.0,<=500m,高風險,121.7695,24.764799999999997,POINT (121.7695 24.7648),POINT (327822.0656779069 2739945.714755297),4.7669729406994374,13.217248661566252,LOW,High
4335,宜蘭縣壯圍鄉,忠孝村,壯圍鄉忠孝村順和路47-4號,121.799791,24.764974,順和活動中心,忠孝村,66,"水災,震災,海嘯",李炳賢,937461598,是,否,是,66,順和活動中心,壯圍鄉忠孝村順和路47-4號,低風險,2000.0,1000-2000m,低風險,121.799791,24.764973999999995,POINT (121.799791 24.764974),POINT (330885.50901605963 2739982.5634706253),2.3316624113517657,3.893896781667189,LOW,Low
4340,宜蘭縣宜蘭市,北津里,金同春路231號,121.7499,24.7675,北津社區活動中心,北津里,72,"水災,震災,海嘯",吳益賓,03-9283585,是,否,否,72,北津社區活動中心,金同春路231號,高風險,500.0,<=500m,高風險,121.7499,24.76749999999999,POINT (121.7499 24.7675),POINT (325838.1384464642 2740233.7682759133),6.613454083520539,9.458449341750772,LOW,High
4342,宜蘭縣員山鄉,枕山村,枕山路43-1號,121.718546,24.768291,枕山社區活動中心,枕山村.同樂村,60,"水災,震災,土石流,海嘯",何世德,03-9231666,是,否,是,60,枕山社區活動中心,枕山路43-1號,高風險,2000.0,1000-2000m,低風險,121.71854600000002,24.768290999999994,POINT (121.718546 24.768291),POINT (322666.70564509084 2740304.3582868553),39.0200612446433,38.42518279135073,HIGH,Low
4343,宜蘭縣宜蘭市,北津里,北津路31-5號,121.7546,24.7686,北津里帝王廟,北津里,10,"水災,震災,海嘯",楊順木,03-9285311,是,否,是,10,北津里帝王廟,北津路31-5號,高風險,500.0,<=500m,高風險,121.7546,24.7686,POINT (121.7546 24.7686),POINT (326312.7997488722 2740358.22402767),6.589785606990653,14.56229679941965,LOW,High
4347,宜蘭縣壯圍鄉,東港村,壯圍鄉東港村?後路50-1號,121.8,24.7706,?後活動中心,東港,46,"水災,震災,海嘯",黃銘海,03-9385121,是,否,是,46,?後活動中心,壯圍鄉東港村?後路50-1號,低風險,,>2000m,安全,121.8,24.770599999999995,POINT (121.8 24.7706),POINT (330903.0013058722 2740605.8533467343),2.1611422693650373,2.740037753326166,LOW,Safe
4348,宜蘭縣宜蘭市,茭白里,大坡路一段100號,121.7545,24.7707,新生國小體育館,茭白里、北津里、新生里、梅洲里,317,"水災,震災,海嘯",陳銘俊校長/吳全展主任,03-9283791轉410,是,否,是,317,新生國小體育館,大坡路一段100號,高風險,500.0,<=500m,高風險,121.7545,24.7707,POINT (121.7545 24.7707),POINT (326301.40293942264 2740590.774025632),6.707423317651807,8.63810361766931,LOW,High
4349,宜蘭縣壯圍鄉,古亭村,壯圍鄉古亭村古亭路48-16號,121.8003,24.7719,古亭活動中心,古亭,199,"水災,震災,海嘯",莊木昌,03-9302708,是,否,是,199,古亭活動中心,壯圍鄉古亭村古亭路48-16號,低風險,,>2000m,安全,121.8003,24.771899999999995,POINT (121.8003 24.7719),POINT (330932.4984350631 2740750.026002593),1.986854959383569,2.740037753326166,LOW,Safe
4354,宜蘭縣壯圍鄉,忠孝村,壯圍鄉忠孝村壯六路47號,121.8148,24.7751,壯六活動中心,忠孝村,129,"水災,震災,海嘯",張秀屘,03-9303178,是,否,是,129,壯六活動中心,壯圍鄉忠孝村壯六路47號,低風險,,>2000m,安全,121.8148,24.775099999999995,POINT (121.8148 24.7751),POINT (332396.80177949875 2741113.1371765616),4.030554289136614,22.46313144108629,MEDIUM,Safe
4356,宜蘭縣宜蘭市,茭白里,茭白路39-10號,121.7506,24.7763,茭白社區活動中心,茭白里,38,"水災,震災,海嘯",陳慶祥,03-9284854,是,否,是,38,茭白社區活動中心,茭白路39-10號,低風險,2000.0,1000-2000m,低風險,121.75060000000002,24.7763,POINT (121.7506 24.7763),POINT (325903.582026927 2741208.885442568),7.224560778523368,3.792996969643432,LOW,Low
4358,宜蘭縣壯圍鄉,新社村,壯圍鄉新社村新社路54之3號,121.7889,24.7774,新社活動中心,新社,89,"水災,震災,海嘯",林朝璜,03-9301042,是,否,是,89,新社活動中心,壯圍鄉新社村新社路54之3號,低風險,,>2000m,安全,121.7889,24.7774,POINT (121.7889 24.7774),POINT (329776.07942300057 2741352.535389476),2.249902959924431,2.8568630610100074,LOW,Safe
4363,宜蘭縣礁溪鄉,龍潭村,育龍路71號,121.7447,24.7802,龍潭國小,龍潭村,195,"水災,震災,土石流,海嘯",曾青霜,03-9284764#215,是,否,是,195,龍潭國小,育龍路71號,低風險,2000.0,1000-2000m,低風險,121.7447,24.7802,POINT (121.7447 24.7802),POINT (325304.57583057316 2741637.604509033),12.355104436451722,7.251580479650705,LOW,Low
4367,宜蘭縣礁溪鄉,光武村,武暖路10之3號,121.7672,24.7829,鄉立幼兒園,光武村,448,"水災,震災",繆曉梅,03-9304777,是,否,是,448,鄉立幼兒園,武暖路10之3號,低風險,,>2000m,安全,121.7672,24.782899999999994,POINT (121.7672 24.7829),POINT (327578.20017474255 2741949.2533962512),5.091853936188555,4.00763316828362,LOW,Safe
4369,宜蘭縣壯圍鄉,古結村,壯圍鄉古結村古結路237號,121.8094,24.7846,古結活動中心,古結,88,"震災,海嘯",賴竺麟,03-9383348,是,否,是,88,古結活動中心,壯圍鄉古結村古結路237號,低風險,,>2000m,安全,121.8094,24.7846,POINT (121.8094 24.7846),POINT (331844.47106240067 2742162.1680498966),1.195560650975955,5.128931459257392,LOW,Safe
4373,宜蘭縣礁溪鄉,吳沙村,育英路79號,121.7596,24.786,吳沙國中,吳沙村,742,"水災,震災",程良南,03-9284701#52,是,否,是,742,吳沙國中,育英路79號,低風險,2000.0,1000-2000m,低風險,121.7596,24.786,POINT (121.7596 24.786),POINT (326807.7607141332 2742288.332211298),5.710218613803478,5.288620143012737,LOW,Low
4375,宜蘭縣礁溪鄉,吳沙村,育英路46號,121.7598,24.7865,四結國小,玉光村,360,"水災,震災",黃淑芬,03-9284751#102,是,否,是,360,四結國小,育英路46號,低風險,2000.0,1000-2000m,低風險,121.7598,24.7865,POINT (121.7598 24.7865),POINT (326827.6767849904 2742343.8271350833),5.604471674861197,5.288620143012737,LOW,Low
4384,宜蘭縣礁溪鄉,匏崙村,匏杓崙路95之2號,121.7294,24.7924,龍潭國小匏崙分校,"匏崙村,二結村",60,"水災,震災,土石流,海嘯",魏美怡,03-9285199,是,否,是,60,龍潭國小匏崙分校,匏杓崙路95之2號,極高風險,500.0,<=500m,高風險,121.7294,24.7924,POINT (121.7294 24.7924),POINT (323750.16166215274 2742980.5887628524),60.77038359971303,54.644341576001395,HIGH,High
4396,宜蘭縣礁溪鄉,玉田村,礁溪鄉玉田村玉龍路一段479巷6號,121.7856,24.7979,玉田活動中心,備用收容所,59,"水災,震災",游新爐,939751691,是,否,是,59,玉田活動中心,礁溪鄉玉田村玉龍路一段479巷6號,中風險,1000.0,500-1000m,中風險,121.78560000000002,24.797899999999995,POINT (121.7856 24.7979),POINT (329429.30520495377 2743621.3054272737),1.581620654430248,4.264821161651225,LOW,Medium
4398,宜蘭縣礁溪鄉,玉田村,茅埔路24號,121.7832,24.7982,玉田國小,二龍村、時潮村、玉田村,254,震災,施文彬,03-9882461#101,是,否,是,254,玉田國小,茅埔路24號,中風險,1000.0,500-1000m,中風險,121.7832,24.798199999999994,POINT (121.7832 24.7982),POINT (329186.44907995115 2743653.1416239436),1.7028396934849084,4.264821161651225,LOW,Medium
4404,宜蘭縣壯圍鄉,古亭村,壯圍鄉古亭村永美路1段180號,121.8162,24.8028,壯圍鄉立幼兒園,全鄉,351,"水災,震災,海嘯",林佳珍,03-9304246,是,否,是,351,壯圍鄉立幼兒園,壯圍鄉古亭村永美路1段180號,低風險,2000.0,1000-2000m,低風險,121.8162,24.8028,POINT (121.8162 24.8028),POINT (332520.05630464264 2744182.200317026),2.81435782410125,16.028899619346774,LOW,Low
4415,宜蘭縣礁溪鄉,三民村,十六結路101之1號,121.7646,24.8099,三民活動中心,備用收容所,59,"水災,震災",吳錫祺,922885704,是,否,是,59,三民活動中心,十六結路101之1號,高風險,500.0,<=500m,高風險,121.7646,24.809899999999992,POINT (121.7646 24.8099),POINT (327298.54261632496 2744938.441140014),6.648937148163376,11.286284490735902,LOW,High
4421,宜蘭縣礁溪鄉,三民村,礁溪鄉十六結路100號,121.7596,24.8133,三民國小,"三民村,白鵝村,林美村",180,"水災,震災,土石流,海嘯",李素月,03-9882271#82,是,否,是,180,三民國小,礁溪鄉十六結路100號,高風險,500.0,<=500m,高風險,121.7596,24.813299999999995,POINT (121.7596 24.8133),POINT (326790.94440566126 2745312.22184684),12.50427771026945,18.8843334256561,LOW,High
4429,宜蘭縣礁溪鄉,林美村,林尾路160號,121.7189,24.8169,佛光大學,"二龍村,時潮村,玉石村,玉光村,吳沙村,光武村,適用10公尺以上海嘯",642,"水災,震災,海嘯",蔡明達,03-9871000-1130,是,否,是,642,佛光大學,林尾路160號,高風險,2000.0,1000-2000m,低風險,121.71890000000002,24.8169,POINT (121.7189 24.8169),POINT (322674.176951921 2745688.69427227),428.49552258419055,50.05852420057826,HIGH,Low
4430,宜蘭縣礁溪鄉,大忠村,礁溪路四段23號,121.7677,24.8172,礁溪國中,大忠村,531,"水災,震災,土石流,海嘯",陳崇弘,03-9882412#105,是,否,是,531,礁溪國中,礁溪路四段23號,高風險,500.0,<=500m,高風險,121.7677,24.817200000000007,POINT (121.7677 24.8172),POINT (327607.4075969347 2745748.7881260584),12.855908403687804,11.996325941522638,LOW,High
4435,宜蘭縣礁溪鄉,大忠村,礁溪路四段135號,121.7685,24.8217,礁溪國小,"大義村,六結村",339,"水災,震災,土石流,海嘯",林智偉,03-9882047-150,是,否,是,339,礁溪國小,礁溪路四段135號,中風險,1000.0,500-1000m,中風險,121.7685,24.8217,POINT (121.7685 24.8217),POINT (327685.47688996536 2746247.6885393634),15.015599202890897,8.832328383865217,LOW,Medium
4436,宜蘭縣礁溪鄉,林美村,礁溪鄉林美村林尾路180號,121.729,24.8222,淡江大學蘭陽校園,"德陽村,六結村,大義村,玉石村,白雲村,大忠村,三民村,林美村,白鵝村",638,"水災,震災,海嘯",黃銘川,03-9873088,是,否,是,638,淡江大學蘭陽校園,礁溪鄉林美村林尾路180號,高風險,1000.0,500-1000m,中風險,121.729,24.822199999999995,POINT (121.729 24.8222),POINT (323692.094208623 2746281.163878791),362.40591898246976,52.90760470085011,HIGH,Medium
4439,宜蘭縣頭城鎮,,頭城鎮竹安里頭濱路一段601號,121.8206,24.8252,竹安里-竹安國小五育樓,竹安,93,"震災,土石流",黃英軒,03-9771178,是,否,否,93,竹安里-竹安國小五育樓,頭城鎮竹安里頭濱路一段601號,高風險,500.0,<=500m,高風險,121.8206,24.8252,POINT (121.8206 24.8252),POINT (332950.0137087644 2746666.034819742),3.3014883436719082,15.560950921788509,LOW,High
4449,宜蘭縣礁溪鄉,德陽村,中山路二段133號,121.7651,24.8287,德陽宮弘道大樓,"德陽村,玉石村,白雲村",116,"水災,土石流,海嘯",林弘堅,03-9882248,是,否,是,116,德陽宮弘道大樓,中山路二段133號,高風險,1000.0,500-1000m,中風險,121.7651,24.8287,POINT (121.7651 24.8287),POINT (327337.41991112434 2747021.116954867),86.965152830888,49.35339145143703,HIGH,Medium
4452,宜蘭縣礁溪鄉,玉石村,礁溪鄉公園路2號,121.7768,24.8298,玉石活動中心,備用收容所,44,"水災,震災",曾如金,930164086,是,否,是,44,玉石活動中心,礁溪鄉公園路2號,高風險,500.0,<=500m,高風險,121.7768,24.8298,POINT (121.7768 24.8298),POINT (328519.42609492067 2747149.642241221),9.430710626526112,14.306825024154742,LOW,High
4458,宜蘭縣頭城鎮,,頭城鎮中崙里路31號,121.8027,24.8348,中崙里-中崙社區活動中心,中崙,76,"震災,土石流",蔡天賜,03-9772361,是,否,否,76,中崙里-中崙社區活動中心,頭城鎮中崙里路31號,高風險,500.0,<=500m,高風險,121.8027,24.834800000000005,POINT (121.8027 24.8348),POINT (331134.26528849837 2747718.6291094027),1.932069495285104,7.701683114378884,LOW,High
4462,宜蘭縣頭城鎮,,頭城鎮下埔里路48-3號,121.8078,24.837,下埔里-下埔社區活動中心,下埔,100,"震災,土石流",林太源,03-9772064991,是,否,否,100,下埔里-下埔社區活動中心,頭城鎮下埔里路48-3號,中風險,1000.0,500-1000m,中風險,121.8078,24.837,POINT (121.8078 24.837),POINT (331648.3354850184 2747965.358705872),1.5124719691985913,6.154934017828385,LOW,Medium
4464,宜蘭縣頭城鎮,,頭城鎮二城里青雲路一段143號,121.7928,24.8388,二城里-二城社區活動中心,二城,117,"水災,震災,土石流,海嘯",蔡金盛,03-9882140,是,否,否,117,二城里-二城社區活動中心,頭城鎮二城里青雲路一段143號,高風險,500.0,<=500m,高風險,121.7928,24.8388,POINT (121.7928 24.8388),POINT (330130.9888302536 2748155.8419466717),7.374752424881737,19.275974581596376,LOW,High
4477,宜蘭縣頭城鎮,,頭城鎮頂埔里路一段250號,121.8149,24.8461,頂埔里-順天府池府王爺廟,金盈,29,"水災,震災,土石流",江源茂,03-9776535,是,否,否,29,頂埔里-順天府池府王爺廟,頭城鎮頂埔里路一段250號,高風險,500.0,<=500m,高風險,121.8149,24.8461,POINT (121.8149 24.8461),POINT (332359.97577247705 2748977.6051603793),3.682931563894971,11.91795821659698,LOW,High
4479,宜蘭縣頭城鎮,,頭城鎮金盈里路39號,121.7966,24.8473,金盈里-金盈社區活動中心,金盈,37,"水災,震災,土石流,海嘯",林漢龍,03-9773029,是,否,否,37,金盈里-金盈社區活動中心,頭城鎮金盈里路39號,極高風險,500.0,<=500m,高風險,121.7966,24.8473,POINT (121.7966 24.8473),POINT (330509.58384641196 2749099.594821802),16.291780045209332,40.549327258345784,HIGH,High
4488,宜蘭縣頭城鎮,,頭城鎮新建里新興路234-1號,121.8196,24.8539,新建里-新建社區活動中心,新建,124,"水災,震災,土石流",王新驊,03-9773214,是,否,否,124,新建里-新建社區活動中心,頭城鎮新建里新興路234-1號,高風險,500.0,<=500m,高風險,121.8196,24.8539,POINT (121.8196 24.8539),POINT (332829.8203073634 2749844.434735598),7.316068340174584,12.77605470115532,LOW,High
4490,宜蘭縣頭城鎮,,頭城鎮金面里路354號,121.7935,24.8549,金面里-協天廟,金面,42,"水災,震災,土石流,海嘯",吳棟然,03-9771206,是,否,是,42,金面里-協天廟,頭城鎮金面里路354號,高風險,1000.0,500-1000m,中風險,121.7935,24.8549,POINT (121.7935 24.8549),POINT (330191.3646051085 2749939.5933126756),192.306397131546,46.26022362200037,HIGH,Medium
4492,宜蘭縣頭城鎮,,頭城鎮新建里吉祥路1號,121.8219,24.8557,城西里-城隍廟,城西里、城南里,46,"水災,震災,土石流,海嘯",黃坤福,03-9772423,是,否,否,46,城西里-城隍廟,頭城鎮新建里吉祥路1號,高風險,500.0,<=500m,高風險,121.8219,24.8557,POINT (121.8219 24.8557),POINT (333061.06937021436 2750045.2151055234),6.015931604573653,9.664407690175304,LOW,High
4495,宜蘭縣頭城鎮,,頭城鎮大坑里協天路599號,121.8315,24.8572,大坑里-協天宮,大坑,220,"震災,土石流",陳誠三,03-9772050,是,否,否,220,大坑里-協天宮,頭城鎮大坑里協天路599號,高風險,500.0,<=500m,高風險,121.8315,24.8572,POINT (121.8315 24.8572),POINT (334030.2741460898 2750217.250657925),3.263174824209532,11.592641936986302,LOW,High
4498,宜蘭縣頭城鎮,,頭城鎮城東里開蘭舊路6號,121.825,24.8591,城東里-城東社區活動中心,城東,53,"水災,震災,土石流",黃志安,03-9771362,是,否,否,53,城東里-城東社區活動中心,頭城鎮城東里開蘭舊路6號,高風險,500.0,<=500m,高風險,121.825,24.85910000000001,POINT (121.825 24.8591),POINT (333372.089214777 2750423.7162507554),4.4354568733688735,7.3609296823465575,LOW,High
4499,宜蘭縣頭城鎮,城北里,西五巷3-1號,121.8236,24.8592,城北里-農會,城北里,148,"水災,震災,土石流",林玉山,03-9773100,是,否,否,148,城北里-農會,西五巷3-1號,高風險,500.0,<=500m,高風險,121.82359999999998,24.859200000000005,POINT (121.8236 24.8592),POINT (333230.5360154662 2750433.9371959),5.280595123534785,7.3609296823465575,LOW,High
4504,宜蘭縣頭城鎮,,頭城鎮拔雅里復興路12巷2號,121.8169,24.861,拔雅里-拔雅社區活動中心,拔雅,122,"水災,震災,土石流,海嘯",甘錫賢,03-9776833,是,否,否,122,拔雅里-拔雅社區活動中心,頭城鎮拔雅里復興路12巷2號,高風險,500.0,<=500m,高風險,121.81690000000002,24.861000000000004,POINT (121.8169 24.861),POINT (332552.22903507255 2750629.2425414515),15.699679551143976,15.49402409971863,LOW,High
4505,宜蘭縣頭城鎮,,頭城鎮福成里宜三路二段378號,121.8051,24.8618,福成里-福成社區活動中心,福成,48,"水災,震災,土石流,海嘯",甘伯聰,03-9776558,是,否,否,48,福成里-福成社區活動中心,頭城鎮福成里宜三路二段378號,極高風險,500.0,<=500m,高風險,121.8051,24.861799999999995,POINT (121.8051 24.8618),POINT (331359.1992586444 2750710.759116406),71.05235564982824,56.805627233076855,HIGH,High
4506,宜蘭縣頭城鎮,,頭城鎮武營里開蘭路282號,121.8274,24.863,武營里-頭城國小,武營,338,"水災,震災,土石流,海嘯",黃志聖,03-9771011,是,否,否,338,武營里-頭城國小,頭城鎮武營里開蘭路282號,高風險,500.0,<=500m,高風險,121.8274,24.863,POINT (121.8274 24.863),POINT (333612.0142617269 2750857.178997917),5.451306794844701,7.193401301283901,LOW,High
4533,宜蘭縣頭城鎮,,頭城鎮港口里（路）60-3號,121.8403,24.8762,港口里-港口社區活動中心,港口里,67,"水災,震災,土石流",李世田,03-9775440,是,否,否,67,港口里-港口社區活動中心,頭城鎮港口里（路）60-3號,極高風險,500.0,<=500m,高風險,121.8403,24.876199999999997,POINT (121.8403 24.8762),POINT (334906.6513478201 2752327.289260278),13.226969694246753,46.33187368121882,HIGH,High
4546,宜蘭縣頭城鎮,,頭城鎮外澳里濱海路二段212號,121.8458,24.8833,外澳里-外澳社區活動中心,外澳里,49,"水災,震災",王在,03-9775402,是,否,否,49,外澳里-外澳社區活動中心,頭城鎮外澳里濱海路二段212號,極高風險,500.0,<=500m,高風險,121.8458,24.883299999999995,POINT (121.8458 24.8833),POINT (335457.5307636215 2753117.181354378),49.884270718235776,47.698903893385186,HIGH,High
4581,宜蘭縣頭城鎮,,頭城鎮濱海路三段93號,121.8634,24.9022,更新里-更新漁民活動中心,更新,34,"水災,震災",陳繼錫,03-9776196,是,否,否,34,更新里-更新漁民活動中心,頭城鎮濱海路三段93號,極高風險,500.0,<=500m,高風險,121.8634,24.902199999999997,POINT (121.8634 24.9022),POINT (337222.5976119295 2755221.8657933804),17.27517686232823,53.73314412507461,HIGH,High
4673,宜蘭縣頭城鎮,,頭城鎮合興里路94-1號,121.8859,24.9359,合興里-合興社區活動中心,合興里,44,"水災,震災,海嘯",張正益,03-9781287,是,否,否,44,合興里-合興社區活動中心,頭城鎮合興里路94-1號,高風險,2000.0,1000-2000m,低風險,121.8859,24.9359,POINT (121.8859 24.9359),POINT (339471.39343341993 2758969.400422224),80.55657288065439,60.19735146051275,HIGH,Low
4697,宜蘭縣頭城鎮,,頭城鎮大溪里濱海路五段249號,121.8932,24.9406,大溪里-大溪社區活動中心,大溪,62,"水災,震災,土石流",陳色雄,03-9781218,是,否,否,62,大溪里-大溪社區活動中心,頭城鎮大溪里濱海路五段249號,極高風險,500.0,<=500m,高風險,121.8932,24.9406,POINT (121.8932 24.9406),POINT (340205.2725629062 2759494.8441684805),57.9604483083354,61.25092509134534,HIGH,High
4706,宜蘭縣頭城鎮,,頭城鎮龜山里路221號,121.9002,24.9426,龜山里-龜山社區活動中心,龜山,28,"水災,震災,土石流",蔣金明,03-9781306,是,否,是,28,龜山里-龜山社區活動中心,頭城鎮龜山里路221號,極高風險,500.0,<=500m,高風險,121.9002,24.9426,POINT (121.9002 24.9426),POINT (340910.7801190328 2759721.049807084),42.7478511467102,60.43928823422414,HIGH,High
4832,宜蘭縣頭城鎮,,頭城鎮大里里濱海路六段251號,121.92,24.9639,大里里-大里社區活動中心,大里、石城,184,"水災,震災",蕭藍愛杏,03-9781156,是,否,否,184,大里里-大里社區活動中心,頭城鎮大里里濱海路六段251號,極高風險,500.0,<=500m,高風險,121.92,24.9639,POINT (121.92 24.9639),POINT (342894.4989320253 2762093.855028462),53.423459111613745,58.77401046673,HIGH,High
4906,宜蘭縣頭城鎮,,頭城鎮石城里（路）40-8號,121.9498,24.9799,石城里-石城社區活動中心,石城里,67,"水災,震災,海嘯",沈榮華,03-9781117,是,否,否,67,石城里-石城社區活動中心,頭城鎮石城里（路）40-8號,極高風險,500.0,<=500m,高風險,121.9498,24.9799,POINT (121.9498 24.9799),POINT (345891.24405195436 2763886.919704218),79.82395722266526,56.92251556226271,HIGH,High
